"IPN","MPN","Value","Manufacturer","Series","Capacitance","Description","Length","Width","Height","Footprint","Symbol","Mounting Type","Package / Case","Polarization","Voltage Rating (AC)","Voltage Rating (DC)","supplier","Material","Tolerance","Lead Spacing","Datasheet","Base MPN","Mouser Stocked MPN","Price","Stock"
"CAP-0001-0001","FKP2O100331D00KSSD","33p","Wima","FKP 2","33p","CAP FILM PP WIMA FKP2 33p","7.2","4.5","6","Capacitor_THT:C_Rect_L7.2mm_W4.5mm_P5.00mm_FKS2_FKP2_MKS2_MKP2","Device:C","Through Hole","Radial","Bi-Polar","250V","1000V","Digikey","Polypropylene","20%","5mm","https://www.wima.de/wp-content/uploads/media/e_WIMA_FKP_2.pdf","FKP2 100331D00 SSD","FKP2O100331D00KSSD","$0.215","10"
"CAP-0001-0002","FKP2O100471D00KSSD","47p","Wima","FKP 2","47p","CAP FILM PP WIMA FKP2 47p","7.2","4.5","6","Capacitor_THT:C_Rect_L7.2mm_W4.5mm_P5.00mm_FKS2_FKP2_MKS2_MKP2","Device:C","Through Hole","Radial","Bi-Polar","250V","1000V","Digikey","Polypropylene","20%","5mm","https://www.wima.de/wp-content/uploads/media/e_WIMA_FKP_2.pdf","FKP2 100471D00 SSD","FKP2O100471D00JSSD","$0.426","10"
"CAP-0001-0003","FKP2O100681D00KSSD","68p","Wima","FKP 2","68p","CAP FILM PP WIMA FKP2 68p","7.2","4.5","6","Capacitor_THT:C_Rect_L7.2mm_W4.5mm_P5.00mm_FKS2_FKP2_MKS2_MKP2","Device:C","Through Hole","Radial","Bi-Polar","250V","1000V","Digikey","Polypropylene","20%","5mm","https://www.wima.de/wp-content/uploads/media/e_WIMA_FKP_2.pdf","FKP2 100681D00 SSD","FKP2O100681D00JSSD","$0.398","10"
"CAP-0001-0004","FKP2G001001D00KSSD","100p","Wima","FKP 2","100p","CAP FILM PP WIMA FKP2 100p","7.2","4.5","6","Capacitor_THT:C_Rect_L7.2mm_W4.5mm_P5.00mm_FKS2_FKP2_MKS2_MKP2","Device:C","Through Hole","Radial","Bi-Polar","40V","63V","Digikey","Polypropylene","20%","5mm","https://www.wima.de/wp-content/uploads/media/e_WIMA_FKP_2.pdf","FKP2 001001D00 SSD","FKP2G001001D00KSSD","$0.176","10"
"CAP-0001-0005","FKP2F001501D00JSSD","150p","Wima","FKP 2","150p","CAP FILM PP WIMA FKP2 150p","7.2","4.5","6","Capacitor_THT:C_Rect_L7.2mm_W4.5mm_P5.00mm_FKS2_FKP2_MKS2_MKP2","Device:C","Through Hole","Radial","Bi-Polar","40V","63V","Digikey","Polypropylene","20%","5mm","https://www.wima.de/wp-content/uploads/media/e_WIMA_FKP_2.pdf","FKP2 001501D00 SSD","FKP2D001501D00HSSD","$0.418","10"
"CAP-0001-0006","FKP2G002201D00KSSD","220p","Wima","FKP 2","220p","CAP FILM PP WIMA FKP2 220p","7.2","4.5","6","Capacitor_THT:C_Rect_L7.2mm_W4.5mm_P5.00mm_FKS2_FKP2_MKS2_MKP2","Device:C","Through Hole","Radial","Bi-Polar","40V","63V","Digikey","Polypropylene","20%","5mm","https://www.wima.de/wp-content/uploads/media/e_WIMA_FKP_2.pdf","FKP2 002201D00 SSD","FKP2G002201D00JSSD","$0.193","10"
"CAP-0001-0007","FKP2F003301D00JSSD","330p","Wima","FKP 2","330p","CAP FILM PP WIMA FKP2 330p","7.2","4.5","6","Capacitor_THT:C_Rect_L7.2mm_W4.5mm_P5.00mm_FKS2_FKP2_MKS2_MKP2","Device:C","Through Hole","Radial","Bi-Polar","40V","63V","Digikey","Polypropylene","20%","5mm","https://www.wima.de/wp-content/uploads/media/e_WIMA_FKP_2.pdf","FKP2 003301D00 SSD","FKP2J003301D00HSSD","$0.235","10"
"CAP-0001-0008","FKP2F003301D00JSSD","470p","Wima","FKP 2","470p","CAP FILM PP WIMA FKP2 470p","7.2","4.5","6","Capacitor_THT:C_Rect_L7.2mm_W4.5mm_P5.00mm_FKS2_FKP2_MKS2_MKP2","Device:C","Through Hole","Radial","Bi-Polar","40V","63V","Digikey","Polypropylene","20%","5mm","https://www.wima.de/wp-content/uploads/media/e_WIMA_FKP_2.pdf","FKP2 003301D00 SSD","FKP2J003301D00HSSD","$0.235",""
"CAP-0001-0009","FKP2D006801D00KSSD","680p","Wima","FKP 2","680p","CAP FILM PP WIMA FKP2 680p","7.2","4.5","6","Capacitor_THT:C_Rect_L7.2mm_W4.5mm_P5.00mm_FKS2_FKP2_MKS2_MKP2","Device:C","Through Hole","Radial","Bi-Polar","40V","63V","Digikey","Polypropylene","20%","5mm","https://www.wima.de/wp-content/uploads/media/e_WIMA_FKP_2.pdf","FKP2 006801D00 SSD","FKP2J006801D00KSSD","$0.317","10"
"CAP-0001-0010","FKP2F011001D00HSSD","1n","Wima","FKP 2","1n","CAP FILM PP WIMA FKP2 1n","7.2","4.5","6","Capacitor_THT:C_Rect_L7.2mm_W4.5mm_P5.00mm_FKS2_FKP2_MKS2_MKP2","Device:C","Through Hole","Radial","Bi-Polar","40V","63V","Digikey","Polypropylene","20%","5mm","https://www.wima.de/wp-content/uploads/media/e_WIMA_FKP_2.pdf","FKP2 011001D00 SSD","FKP2J011001D00HSSD","$0.427","10"
"CAP-0001-0011","FKP2G011501D00HSSD","1.5n","Wima","FKP 2","1.5n","CAP FILM PP WIMA FKP2 1.5n","7.2","4.5","6","Capacitor_THT:C_Rect_L7.2mm_W4.5mm_P5.00mm_FKS2_FKP2_MKS2_MKP2","Device:C","Through Hole","Radial","Bi-Polar","40V","63V","Digikey","Polypropylene","20%","5mm","https://www.wima.de/wp-content/uploads/media/e_WIMA_FKP_2.pdf","FKP2 011501D00 SSD","FKP2D011501D00KSSD","$0.324",""
"CAP-0001-0012","FKP2C012201D00KSSD","2.2n","Wima","FKP 2","2.2n","CAP FILM PP WIMA FKP2 2.2n","7.2","4.5","6","Capacitor_THT:C_Rect_L7.2mm_W4.5mm_P5.00mm_FKS2_FKP2_MKS2_MKP2","Device:C","Through Hole","Radial","Bi-Polar","40V","63V","Digikey","Polypropylene","20%","5mm","https://www.wima.de/wp-content/uploads/media/e_WIMA_FKP_2.pdf","FKP2 012201D00 SSD","FKP2D012201D00KSSD","$0.285","10"
"CAP-0001-0013","FKP2C013301D00KSSD","3.3n","Wima","FKP 2","3.3n","CAP FILM PP WIMA FKP2 3.3n","7.2","4.5","6","Capacitor_THT:C_Rect_L7.2mm_W4.5mm_P5.00mm_FKS2_FKP2_MKS2_MKP2","Device:C","Through Hole","Radial","Bi-Polar","40V","63V","Digikey","Polypropylene","20%","5mm","https://www.wima.de/wp-content/uploads/media/e_WIMA_FKP_2.pdf","FKP2 013301D00 SSD","FKP2C013301D00JSSD","$0.37",""
"CAP-0001-0014","FKP2C014701D00JSSD","4.7n","Wima","FKP 2","4.7n","CAP FILM PP WIMA FKP2 4.7n","7.2","4.5","6","Capacitor_THT:C_Rect_L7.2mm_W4.5mm_P5.00mm_FKS2_FKP2_MKS2_MKP2","Device:C","Through Hole","Radial","Bi-Polar","40V","63V","Digikey","Polypropylene","20%","5mm","https://www.wima.de/wp-content/uploads/media/e_WIMA_FKP_2.pdf","FKP2 014701D00 SSD","FKP2C014701D00KSSD","$0.343","10"
"CAP-0001-0015","FKP2C016801D00JSSD","6.8n","Wima","FKP 2","6.8n","CAP FILM PP WIMA FKP2 6.8n","7.2","4.5","6","Capacitor_THT:C_Rect_L7.2mm_W4.5mm_P5.00mm_FKS2_FKP2_MKS2_MKP2","Device:C","Through Hole","Radial","Bi-Polar","40V","63V","Digikey","Polypropylene","20%","5mm","https://www.wima.de/wp-content/uploads/media/e_WIMA_FKP_2.pdf","FKP2 016801D00 SSD","FKP2C016801D00HSSD","$0.47",""
"CAP-0002-0001","MKP2C021001B00JSSD","10n","Wima","MKP 2","10n","CAP FILM PP-M WIMA MKP2 10n","7.2","3","7.5","Capacitor_THT:C_Rect_L7.2mm_W3.0mm_P5.00mm_FKS2_FKP2_MKS2_MKP2","Device:C","Through Hole","Radial","Bi-Polar","40V","63V","Digikey","Polypropylene (Metallized)","20%","5mm","https://www.wima.de/wp-content/uploads/media/e_WIMA_MKP_2.pdf","MKP2 021001B00 SSD","MKP2D021001B00MSSD","$0.171","10"
"CAP-0002-0002","MKP2D021501B00KSSD","15n","Wima","MKP 2","15n","CAP FILM PP-M WIMA MKP2 15n","7.2","3","7.5","Capacitor_THT:C_Rect_L7.2mm_W3.0mm_P5.00mm_FKS2_FKP2_MKS2_MKP2","Device:C","Through Hole","Radial","Bi-Polar","40V","63V","Digikey","Polypropylene (Metallized)","20%","5mm","https://www.wima.de/wp-content/uploads/media/e_WIMA_MKP_2.pdf","MKP2 021501B00 SSD","MKP2F021501B00KSSD","$0.328",""
"CAP-0002-0003","MKP2D022201B00KSSD","22n","Wima","MKP 2","22n","CAP FILM PP-M WIMA MKP2 22n","7.2","3","7.5","Capacitor_THT:C_Rect_L7.2mm_W3.0mm_P5.00mm_FKS2_FKP2_MKS2_MKP2","Device:C","Through Hole","Radial","Bi-Polar","40V","63V","Digikey","Polypropylene (Metallized)","20%","5mm","https://www.wima.de/wp-content/uploads/media/e_WIMA_MKP_2.pdf","MKP2 022201B00 SSD","MKP2F022201B00JSSD","$0.403","10"
"CAP-0002-0004","MKP2D023301B00KSSD","33n","Wima","MKP 2","33n","CAP FILM PP-M WIMA MKP2 33n","7.2","3","7.5","Capacitor_THT:C_Rect_L7.2mm_W3.0mm_P5.00mm_FKS2_FKP2_MKS2_MKP2","Device:C","Through Hole","Radial","Bi-Polar","40V","63V","Digikey","Polypropylene (Metallized)","20%","5mm","https://www.wima.de/wp-content/uploads/media/e_WIMA_MKP_2.pdf","MKP2 023301B00 SSD","MKP2D023301B00JSSD","$0.301",""
"CAP-0002-0005","MKP2C024701C00KSSD","47n","Wima","MKP 2","47n","CAP FILM PP-M WIMA MKP2 47n","7.2","3.5","8.5","Capacitor_THT:C_Rect_L7.2mm_W3.5mm_P5.00mm_FKS2_FKP2_MKS2_MKP2","Device:C","Through Hole","Radial","Bi-Polar","40V","63V","Digikey","Polypropylene (Metallized)","20%","5mm","https://www.wima.de/wp-content/uploads/media/e_WIMA_MKP_2.pdf","MKP2 024701C00 SSD","MKP2D024701C00KSSD","$0.397","10"
"CAP-0002-0006","MKP2C026801E00JSSD","68n","Wima","MKP 2","68n","CAP FILM PP-M WIMA MKP2 68n","7.2","4.5","9.5","Capacitor_THT:C_Rect_L7.2mm_W4.5mm_P5.00mm_FKS2_FKP2_MKS2_MKP2","Device:C","Through Hole","Radial","Bi-Polar","40V","63V","Digikey","Polypropylene (Metallized)","20%","5mm","https://www.wima.de/wp-content/uploads/media/e_WIMA_MKP_2.pdf","MKP2 026801E00 SSD","MKP2F026801E00KSSD","$0.474",""
"CAP-0002-0007","MKP2F031001F00KSSD","100n","Wima","MKP 2","100n","CAP FILM PP-M WIMA MKP2 100n","7.2","5","10","Capacitor_THT:C_Rect_L7.2mm_W5.5mm_P5.00mm_FKS2_FKP2_MKS2_MKP2","Device:C","Through Hole","Radial","Bi-Polar","40V","63V","Digikey","Polypropylene (Metallized)","20%","5mm","https://www.wima.de/wp-content/uploads/media/e_WIMA_MKP_2.pdf","MKP2 031001F00 SSD","MKP2F031001F00JSSD","$0.554","10"
"CAP-0003-0001","MKS2C031501A00MSSD","150n","Wima","MKS 2","150n","CAP FILM PE-M WIMA MKS2 150n","7.2","2.5","6.5","Capacitor_THT:C_Rect_L7.2mm_W2.5mm_P5.00mm_FKS2_FKP2_MKS2_MKP2","Device:C","Through Hole","Radial","Bi-Polar","40V","63V","Digikey","Polyester (Metallized)","20%","5mm","https://www.wima.de/wp-content/uploads/media/e_WIMA_MKS_2.pdf","MKS2 031501A00 SSD","MKS2C031501A00JSSD","$0.404","10"
"CAP-0003-0002","MKS2C032201B00KSSD","220n","Wima","MKS 2","220n","CAP FILM PE-M WIMA MKS2 220n","7.2","3","7.5","Capacitor_THT:C_Rect_L7.2mm_W3.0mm_P5.00mm_FKS2_FKP2_MKS2_MKP2","Device:C","Through Hole","Radial","Bi-Polar","40V","63V","Digikey","Polyester (Metallized)","20%","5mm","https://www.wima.de/wp-content/uploads/media/e_WIMA_MKS_2.pdf","MKS2 032201B00 SSD","MKS2C032201B00KSSD","$0.402","10"
"CAP-0003-0003","MKS2C033301C00KSSD","330n","Wima","MKS 2","330n","CAP FILM PE-M WIMA MKS2 330n","7.2","3.5","8.5","Capacitor_THT:C_Rect_L7.2mm_W3.5mm_P5.00mm_FKS2_FKP2_MKS2_MKP2","Device:C","Through Hole","Radial","Bi-Polar","40V","63V","Digikey","Polyester (Metallized)","20%","5mm","https://www.wima.de/wp-content/uploads/media/e_WIMA_MKS_2.pdf","MKS2 033301C00 SSD","MKS2C033301C00KSSD","$0.45","10"
"CAP-0003-0004","MKS2C034701C00MSSD","470n","Wima","MKS 2","470n","CAP FILM PE-M WIMA MKS2 470n","7.2","3.5","8.5","Capacitor_THT:C_Rect_L7.2mm_W3.5mm_P5.00mm_FKS2_FKP2_MKS2_MKP2","Device:C","Through Hole","Radial","Bi-Polar","40V","63V","Digikey","Polyester (Metallized)","20%","5mm","https://www.wima.de/wp-content/uploads/media/e_WIMA_MKS_2.pdf","MKS2 034701C00 SSD","MKS2C034701C00MSSD","$0.39","10"
"CAP-0003-0005","MKS2C036801E00JSSD","680n","Wima","MKS 2","680n","CAP FILM PE-M WIMA MKS2 680n","7.2","4.5","9.5","Capacitor_THT:C_Rect_L7.2mm_W4.5mm_P5.00mm_FKS2_FKP2_MKS2_MKP2","Device:C","Through Hole","Radial","Bi-Polar","40V","63V","Digikey","Polyester (Metallized)","20%","5mm","https://www.wima.de/wp-content/uploads/media/e_WIMA_MKS_2.pdf","MKS2 036801E00 SSD","MKS2C036801E00JSSD","$0.517","10"
"CAP-0003-0006","MKS2C041001F00MSSD","1u","Wima","MKS 2","1u","CAP FILM PE-M WIMA MKS2 1u","7.2","5","10","Capacitor_THT:C_Rect_L7.2mm_W5.5mm_P5.00mm_FKS2_FKP2_MKS2_MKP2","Device:C","Through Hole","Radial","Bi-Polar","40V","63V","Digikey","Polyester (Metallized)","20%","5mm","https://www.wima.de/wp-content/uploads/media/e_WIMA_MKS_2.pdf","MKS2 041001F00 SSD","MKS2C041001F00MSSD","$0.513","10"
"CAP-0003-0007","MKS2B041501E00JSSD","1.5u","Wima","MKS 2","1.5u","CAP FILM PE-M WIMA MKS2 1.5u","7.2","4.5","9.5","Capacitor_THT:C_Rect_L7.2mm_W4.5mm_P5.00mm_FKS2_FKP2_MKS2_MKP2","Device:C","Through Hole","Radial","Bi-Polar","30V","50V","Digikey","Polyester (Metallized)","20%","5mm","https://www.wima.de/wp-content/uploads/media/e_WIMA_MKS_2.pdf","MKS2 041501E00 SSD","MKS2B041501E00JSSD","$0.944","0"
"CAP-0003-0008","MKS2B042201F00JSSD","2.2u","Wima","MKS 2","2.2u","CAP FILM PE-M WIMA MKS2 2.2u","7.2","5","10","Capacitor_THT:C_Rect_L7.2mm_W5.5mm_P5.00mm_FKS2_FKP2_MKS2_MKP2","Device:C","Through Hole","Radial","Bi-Polar","30V","50V","Digikey","Polyester (Metallized)","20%","5mm","https://www.wima.de/wp-content/uploads/media/e_WIMA_MKS_2.pdf","MKS2 042201F00 SSD","MKS2B042201F00JSSD","$1.09","0"
"CAP-0003-0009","MKS2B043301H00JSSD","3.3u","Wima","MKS 2","3.3u","CAP FILM PE-M WIMA MKS2 3.3u","7.2","5.5","11.5","Capacitor_THT:C_Rect_L7.2mm_W5.5mm_P5.00mm_FKS2_FKP2_MKS2_MKP2","Device:C","Through Hole","Radial","Bi-Polar","30V","50V","Digikey","Polyester (Metallized)","20%","5mm","https://www.wima.de/wp-content/uploads/media/e_WIMA_MKS_2.pdf","MKS2 043301H00 SSD","MKS2B043301H00MSSD","$1.08","0"
"CAP-0003-0010","MKS2B044701K00JSSD","4.7u","Wima","MKS 2","4.7u","CAP FILM PE-M WIMA MKS2 4.7u","7.2","7.2","13","Capacitor_THT:C_Rect_L7.2mm_W7.2mm_P5.00mm_FKS2_FKP2_MKS2_MKP2","Device:C","Through Hole","Radial","Bi-Polar","30V","50V","Digikey","Polyester (Metallized)","20%","5mm","https://www.wima.de/wp-content/uploads/media/e_WIMA_MKS_2.pdf","MKS2 044701K00 SSD","MKS2B044701K00JSSD","$1.65","0"
"CAP-0003-0011","MKS2B046801M00JSSD","6.8u","Wima","MKS 2","6.8u","CAP FILM PE-M WIMA MKS2 6.8u","7.2","8.5","14","Capacitor_THT:C_Rect_L7.2mm_W8.5mm_P5.00mm_FKP2_FKP2_MKS2_MKP2","Device:C","Through Hole","Radial","Bi-Polar","30V","50V","Digikey","Polyester (Metallized)","20%","5mm","https://www.wima.de/wp-content/uploads/media/e_WIMA_MKS_2.pdf","MKS2 046801M00 SSD","MKS2B046801M00KSSD","$2.33","0"
"CAP-0004-0001","EEA-GA1H1R5H","1.5u","Panasonic","GA-A","1.5u","CAP ALUM POL  20% 50V RADIAL 1.5u","4","4","7","Capacitor_THT:CP_Radial_D5.0mm_P2.50mm","Device:C_Polarized_US","Through Hole","Radial","Polar","N/A","50V","Digikey","Aluminum Electrolytic","20%","2.5mm","https://industrial.panasonic.com/cdbs/www-data/pdf/RDF0000/ABA0000C1041.pdf","EEA-GA1H1R5H","EEA-GA1H1R5H","$0.119","10"
"CAP-0004-0002","EEA-GA1H2R2H","2.2u","Panasonic","GA-A","2.2u","CAP ALUM POL  20% 50V RADIAL 2.2u","4","4","7","Capacitor_THT:CP_Radial_D5.0mm_P2.50mm","Device:C_Polarized_US","Through Hole","Radial","Polar","N/A","50V","Digikey","Aluminum Electrolytic","20%","2.5mm","https://industrial.panasonic.com/cdbs/www-data/pdf/RDF0000/ABA0000C1041.pdf","EEA-GA1H2R2H","EEA-GA1H2R2H","$0.119","10"
"CAP-0004-0003","EEA-GA1H3R3H","3.3u","Panasonic","GA-A","3.3u","CAP ALUM POL  20% 50V RADIAL 3.3u","4","4","7","Capacitor_THT:CP_Radial_D5.0mm_P2.50mm","Device:C_Polarized_US","Through Hole","Radial","Polar","N/A","50V","Digikey","Aluminum Electrolytic","20%","2.5mm","https://industrial.panasonic.com/cdbs/www-data/pdf/RDF0000/ABA0000C1041.pdf","EEA-GA1H3R3H","EEA-GA1H3R3H","$0.117","10"
"CAP-0004-0004","EEA-GA1H4R7H","4.7u","Panasonic","GA-A","4.7u","CAP ALUM POL  20% 50V RADIAL 4.7u","4","4","7","Capacitor_THT:CP_Radial_D5.0mm_P2.50mm","Device:C_Polarized_US","Through Hole","Radial","Polar","N/A","50V","Digikey","Aluminum Electrolytic","20%","2.5mm","https://industrial.panasonic.com/cdbs/www-data/pdf/RDF0000/ABA0000C1041.pdf","EEA-GA1H4R7H","EEA-GA1H4R7H","$0.117","10"
"CAP-0004-0005","EEA-GA1H6R8H","6.8u","Panasonic","GA-A","6.8u","CAP ALUM POL  20% 50V RADIAL 6.8u","5","5","7","Capacitor_THT:CP_Radial_D5.0mm_P2.50mm","Device:C_Polarized_US","Through Hole","Radial","Polar","N/A","50V","Digikey","Aluminum Electrolytic","20%","2.5mm","https://industrial.panasonic.com/cdbs/www-data/pdf/RDF0000/ABA0000C1041.pdf","EEA-GA1H6R8H","EEA-GA1H6R8H","$0.187","10"
"CAP-0004-0006","EEA-GA1V100H","10u","Panasonic","GA-A","10u","CAP ALUM POL  20% 35V RADIAL 10u","5","5","7","Capacitor_THT:CP_Radial_D5.0mm_P2.50mm","Device:C_Polarized_US","Through Hole","Radial","Polar","N/A","35V","Digikey","Aluminum Electrolytic","20%","2.5mm","https://industrial.panasonic.com/cdbs/www-data/pdf/RDF0000/ABA0000C1041.pdf","EEA-GA1V100H","EEA-GA1V100H","$0.134","10"
"CAP-0004-0007","EEA-GA1E150H","15u","Panasonic","GA-A","15u","CAP ALUM POL  20% 25V RADIAL 15u","5","5","7","Capacitor_THT:CP_Radial_D5.0mm_P2.50mm","Device:C_Polarized_US","Through Hole","Radial","Polar","N/A","25V","Digikey","Aluminum Electrolytic","20%","2.5mm","https://industrial.panasonic.com/cdbs/www-data/pdf/RDF0000/ABA0000C1041.pdf","EEA-GA1E150H","EEA-GA1E150H","$0.117","4"
"CAP-0004-0008","EEA-GA1E220H","22u","Panasonic","GA-A","22u","CAP ALUM POL  20% 25V RADIAL 22u","5","5","7","Capacitor_THT:CP_Radial_D5.0mm_P2.50mm","Device:C_Polarized_US","Through Hole","Radial","Polar","N/A","25V","Digikey","Aluminum Electrolytic","20%","2.5mm","https://industrial.panasonic.com/cdbs/www-data/pdf/RDF0000/ABA0000C1041.pdf","EEA-GA1E220H","EEA-GA1E220H","$0.134","10"
"CAP-0004-0009","EEA-GA1E330","33u","Panasonic","GA-A","33u","CAP ALUM POL  20% 35V RADIAL 33u","6.3","6.3","7","Capacitor_THT:CP_Radial_D6.3mm_P2.50mm","Device:C_Polarized_US","Through Hole","Radial","Polar","N/A","35V","Digikey","Aluminum Electrolytic","20%","2.5mm","https://industrial.panasonic.com/cdbs/www-data/pdf/RDF0000/ABA0000C1041.pdf","EEA-GA1E330","EEA-GA1E330","$0.229","4"
"CAP-0005-0001","EEU-FR1H470","47u","Panasonic","FR-A","47u","CAP ALUM POL  20% 50V RADIAL 47u","5","5","11","Capacitor_THT:CP_Radial_D5.0mm_P2.50mm","Device:C_Polarized_US","Through Hole","Radial","Polar","N/A","50V","Digikey","Aluminum Electrolytic","20%","2.5mm","https://industrial.panasonic.com/cdbs/www-data/pdf/RDF0000/ABA0000C1259.pdf","EEU-FR1H470","EEU-FR1H470","$0.248","10"
"CAP-0005-0002","EEU-FR1V680H","68u","Panasonic","FR-A","68u","CAP ALUM POL  20% 35V RADIAL 68u","5","5","11","Capacitor_THT:CP_Radial_D5.0mm_P2.50mm","Device:C_Polarized_US","Through Hole","Radial","Polar","N/A","35V","Digikey","Aluminum Electrolytic","20%","2.5mm","https://industrial.panasonic.com/cdbs/www-data/pdf/RDF0000/ABA0000C1259.pdf","EEU-FR1V680H","EEU-FR1V680H","$0.192","4"
"CAP-0005-0003","EEU-FR1E101","100u","Panasonic","FR-A","100u","CAP ALUM POL  20% 25V RADIAL 100u","6.3","6.3","11.2","Capacitor_THT:CP_Radial_D6.3mm_P2.50mm","Device:C_Polarized_US","Through Hole","Radial","Polar","N/A","25V","Digikey","Aluminum Electrolytic","20%","2.5mm","https://industrial.panasonic.com/cdbs/www-data/pdf/RDF0000/ABA0000C1259.pdf","EEU-FR1E101","EEU-FR1E101","$0.167","10"
"CAP-0005-0004","EEU-FR1E151","150u","Panasonic","FR-A","150u","CAP ALUM POL  20% 25V RADIAL 150u","6.3","6.3","11.2","Capacitor_THT:CP_Radial_D6.3mm_P2.50mm","Device:C_Polarized_US","Through Hole","Radial","Polar","N/A","25V","Digikey","Aluminum Electrolytic","20%","2.5mm","https://industrial.panasonic.com/cdbs/www-data/pdf/RDF0000/ABA0000C1259.pdf","EEU-FR1E151","EEU-FR1E151","$0.223",""
"CAP-0005-0005","EEU-FR1E221","220u","Panasonic","FR-A","220u","CAP ALUM POL  20% 25V RADIAL 220u","8","8","11.5","Capacitor_THT:CP_Radial_D8.0mm_P3.50mm","Device:C_Polarized_US","Through Hole","Radial","Polar","N/A","25V","Digikey","Aluminum Electrolytic","20%","3.5mm","https://industrial.panasonic.com/cdbs/www-data/pdf/RDF0000/ABA0000C1259.pdf","EEU-FR1E221","EEU-FR1E221","$0.383","10"
"CAP-0005-0006","EEU-FR1E331","330u","Panasonic","FR-A","330u","CAP ALUM POL  20% 25V RADIAL 330u","8","8","11.5","Capacitor_THT:CP_Radial_D8.0mm_P3.50mm","Device:C_Polarized_US","Through Hole","Radial","Polar","N/A","25V","Digikey","Aluminum Electrolytic","20%","3.5mm","https://industrial.panasonic.com/cdbs/www-data/pdf/RDF0000/ABA0000C1259.pdf","EEU-FR1E331","EEU-FR1E331","$0.28",""
"CAP-0005-0007","EEU-FR1E471YB","470u","Panasonic","FR-A","470u","CAP ALUM POL  20% 25V RADIAL 470u","10","10","12.5","Capacitor_THT:CP_Radial_D10.0mm_P5.0mm","Device:C_Polarized_US","Through Hole","Radial","Polar","N/A","25V","Digikey","Aluminum Electrolytic","20%","5mm","https://industrial.panasonic.com/cdbs/www-data/pdf/RDF0000/ABA0000C1259.pdf","EEU-FR1E471YB","EEU-FR1E471YB","$0.364","4"