"IPN","MPN","Manufacturer","Description","Value","Case/Package","Length","Width","Mounting Type","Resistance","Power","Tolerance","Temp Coefficient","Maximum Working Voltage","Symbol","Footprint","Datasheet"
"RES-0001-0001","MFR-25FBF52-1R","Yageo","RES 1 OHM AXIAL","1","Axial","6.3","2.4","Through Hole","1","0.25W","1%","100ppm","250V","Device:R_US","BB_Resistors:R_Axial_DIN0207_L6.3mm_D2.5mm_P7.5mm_Horizontal","https://www.yageo.com/upload/media/product/app/datasheet/lr/yageo-mfr_datasheet.pdf"
"RES-0001-0002","MFR-25FBF52-1R2","Yageo","RES 1.2 OHM 1% 1/4W AXIAL","1.2","Axial","6.3","2.4","Through Hole","1.2","0.25W","1%","100ppm","250V","Device:R_US","BB_Resistors:R_Axial_DIN0207_L6.3mm_D2.5mm_P7.5mm_Horizontal","https://www.yageo.com/upload/media/product/app/datasheet/lr/yageo-mfr_datasheet.pdf"
"RES-0001-0003","MFR-25FBF52-1R5","Yageo","RES 1.5 OHM 1% 1/4W AXIAL","1.5","Axial","6.3","2.4","Through Hole","1.5","0.25W","1%","100ppm","250V","Device:R_US","BB_Resistors:R_Axial_DIN0207_L6.3mm_D2.5mm_P7.5mm_Horizontal","https://www.yageo.com/upload/media/product/app/datasheet/lr/yageo-mfr_datasheet.pdf"
"RES-0001-0004","MFR-25FBF52-1R8","Yageo","RES 1.8 OHM 1% 1/4W AXIAL","1.8","Axial","6.3","2.4","Through Hole","1.8","0.25W","1%","100ppm","250V","Device:R_US","BB_Resistors:R_Axial_DIN0207_L6.3mm_D2.5mm_P7.5mm_Horizontal","https://www.yageo.com/upload/media/product/app/datasheet/lr/yageo-mfr_datasheet.pdf"
"RES-0001-0005","MFR-25FBF52-2R2","Yageo","RES 2.2 OHM 1% 1/4W AXIAL","2.2","Axial","6.3","2.4","Through Hole","2.2","0.25W","1%","100ppm","250V","Device:R_US","BB_Resistors:R_Axial_DIN0207_L6.3mm_D2.5mm_P7.5mm_Horizontal","https://www.yageo.com/upload/media/product/app/datasheet/lr/yageo-mfr_datasheet.pdf"
"RES-0001-0006","MFR-25FBF52-2R7","Yageo","RES 2.7 OHM 1% 1/4W AXIAL","2.7","Axial","6.3","2.4","Through Hole","2.7","0.25W","1%","100ppm","250V","Device:R_US","BB_Resistors:R_Axial_DIN0207_L6.3mm_D2.5mm_P7.5mm_Horizontal","https://www.yageo.com/upload/media/product/app/datasheet/lr/yageo-mfr_datasheet.pdf"
"RES-0001-0007","MFR-25FBF52-3R3","Yageo","RES 3.3 OHM 1% 1/4W AXIAL","3.3","Axial","6.3","2.4","Through Hole","3.3","0.25W","1%","100ppm","250V","Device:R_US","BB_Resistors:R_Axial_DIN0207_L6.3mm_D2.5mm_P7.5mm_Horizontal","https://www.yageo.com/upload/media/product/app/datasheet/lr/yageo-mfr_datasheet.pdf"
"RES-0001-0008","MFR-25FBF52-3R9","Yageo","RES 3.9 OHM 1% 1/4W AXIAL","3.9","Axial","6.3","2.4","Through Hole","3.9","0.25W","1%","100ppm","250V","Device:R_US","BB_Resistors:R_Axial_DIN0207_L6.3mm_D2.5mm_P7.5mm_Horizontal","https://www.yageo.com/upload/media/product/app/datasheet/lr/yageo-mfr_datasheet.pdf"
"RES-0001-0009","MFR-25FBF52-4R7","Yageo","RES 4.7 OHM 1% 1/4W AXIAL","4.7","Axial","6.3","2.4","Through Hole","4.7","0.25W","1%","100ppm","250V","Device:R_US","BB_Resistors:R_Axial_DIN0207_L6.3mm_D2.5mm_P7.5mm_Horizontal","https://www.yageo.com/upload/media/product/app/datasheet/lr/yageo-mfr_datasheet.pdf"
"RES-0001-0010","MFR-25FBF52-5R6","Yageo","RES 5.6 OHM 1% 1/4W AXIAL","5.6","Axial","6.3","2.4","Through Hole","5.6","0.25W","1%","100ppm","250V","Device:R_US","BB_Resistors:R_Axial_DIN0207_L6.3mm_D2.5mm_P7.5mm_Horizontal","https://www.yageo.com/upload/media/product/app/datasheet/lr/yageo-mfr_datasheet.pdf"
"RES-0001-0011","MFR-25FBF52-6R8","Yageo","RES 6.8 OHM 1% 1/4W AXIAL","6.8","Axial","6.3","2.4","Through Hole","6.8","0.25W","1%","100ppm","250V","Device:R_US","BB_Resistors:R_Axial_DIN0207_L6.3mm_D2.5mm_P7.5mm_Horizontal","https://www.yageo.com/upload/media/product/app/datasheet/lr/yageo-mfr_datasheet.pdf"
"RES-0001-0012","MFR-25FBF52-8R2","Yageo","RES 8.2 OHM 1% 1/4W AXIAL","8.2","Axial","6.3","2.4","Through Hole","8.2","0.25W","1%","100ppm","250V","Device:R_US","BB_Resistors:R_Axial_DIN0207_L6.3mm_D2.5mm_P7.5mm_Horizontal","https://www.yageo.com/upload/media/product/app/datasheet/lr/yageo-mfr_datasheet.pdf"
"RES-0001-0013","MFR-25FBF52-10R","Yageo","RES 10 OHM 1% 1/4W AXIAL","10","Axial","6.3","2.4","Through Hole","10","0.25W","1%","100ppm","250V","Device:R_US","BB_Resistors:R_Axial_DIN0207_L6.3mm_D2.5mm_P7.5mm_Horizontal","https://www.yageo.com/upload/media/product/app/datasheet/lr/yageo-mfr_datasheet.pdf"
"RES-0001-0014","MFR-25FBF52-12R","Yageo","RES 12 OHM 1% 1/4W AXIAL","12","Axial","6.3","2.4","Through Hole","12","0.25W","1%","100ppm","250V","Device:R_US","BB_Resistors:R_Axial_DIN0207_L6.3mm_D2.5mm_P7.5mm_Horizontal","https://www.yageo.com/upload/media/product/app/datasheet/lr/yageo-mfr_datasheet.pdf"
"RES-0001-0015","MFR-25FBF52-15R","Yageo","RES 15 OHM 1% 1/4W AXIAL","15","Axial","6.3","2.4","Through Hole","15","0.25W","1%","100ppm","250V","Device:R_US","BB_Resistors:R_Axial_DIN0207_L6.3mm_D2.5mm_P7.5mm_Horizontal","https://www.yageo.com/upload/media/product/app/datasheet/lr/yageo-mfr_datasheet.pdf"
"RES-0001-0016","MFR-25FBF52-18R","Yageo","RES 18 OHM 1% 1/4W AXIAL","18","Axial","6.3","2.4","Through Hole","18","0.25W","1%","100ppm","250V","Device:R_US","BB_Resistors:R_Axial_DIN0207_L6.3mm_D2.5mm_P7.5mm_Horizontal","https://www.yageo.com/upload/media/product/app/datasheet/lr/yageo-mfr_datasheet.pdf"
"RES-0001-0017","MFR-25FBF52-22R","Yageo","RES 22 OHM 1% 1/4W AXIAL","22","Axial","6.3","2.4","Through Hole","22","0.25W","1%","100ppm","250V","Device:R_US","BB_Resistors:R_Axial_DIN0207_L6.3mm_D2.5mm_P7.5mm_Horizontal","https://www.yageo.com/upload/media/product/app/datasheet/lr/yageo-mfr_datasheet.pdf"
"RES-0001-0018","MFR-25FBF52-27R","Yageo","RES 27 OHM 1% 1/4W AXIAL","27","Axial","6.3","2.4","Through Hole","27","0.25W","1%","100ppm","250V","Device:R_US","BB_Resistors:R_Axial_DIN0207_L6.3mm_D2.5mm_P7.5mm_Horizontal","https://www.yageo.com/upload/media/product/app/datasheet/lr/yageo-mfr_datasheet.pdf"
"RES-0001-0019","MFR-25FBF52-33R","Yageo","RES 33 OHM 1% 1/4W AXIAL","33","Axial","6.3","2.4","Through Hole","33","0.25W","1%","100ppm","250V","Device:R_US","BB_Resistors:R_Axial_DIN0207_L6.3mm_D2.5mm_P7.5mm_Horizontal","https://www.yageo.com/upload/media/product/app/datasheet/lr/yageo-mfr_datasheet.pdf"
"RES-0001-0020","MFR-25FBF52-39R","Yageo","RES 39 OHM 1% 1/4W AXIAL","39","Axial","6.3","2.4","Through Hole","39","0.25W","1%","100ppm","250V","Device:R_US","BB_Resistors:R_Axial_DIN0207_L6.3mm_D2.5mm_P7.5mm_Horizontal","https://www.yageo.com/upload/media/product/app/datasheet/lr/yageo-mfr_datasheet.pdf"
"RES-0001-0021","MFR-25FBF52-47R","Yageo","RES 47 OHM 1% 1/4W AXIAL","47","Axial","6.3","2.4","Through Hole","47","0.25W","1%","100ppm","250V","Device:R_US","BB_Resistors:R_Axial_DIN0207_L6.3mm_D2.5mm_P7.5mm_Horizontal","https://www.yageo.com/upload/media/product/app/datasheet/lr/yageo-mfr_datasheet.pdf"
"RES-0001-0022","MFR-25FBF52-56R","Yageo","RES 56 OHM 1% 1/4W AXIAL","56","Axial","6.3","2.4","Through Hole","56","0.25W","1%","100ppm","250V","Device:R_US","BB_Resistors:R_Axial_DIN0207_L6.3mm_D2.5mm_P7.5mm_Horizontal","https://www.yageo.com/upload/media/product/app/datasheet/lr/yageo-mfr_datasheet.pdf"
"RES-0001-0023","MFR-25FBF52-68R","Yageo","RES 68 OHM 1% 1/4W AXIAL","68","Axial","6.3","2.4","Through Hole","68","0.25W","1%","100ppm","250V","Device:R_US","BB_Resistors:R_Axial_DIN0207_L6.3mm_D2.5mm_P7.5mm_Horizontal","https://www.yageo.com/upload/media/product/app/datasheet/lr/yageo-mfr_datasheet.pdf"
"RES-0001-0024","MFR-25FBF52-82R","Yageo","RES 82 OHM 1% 1/4W AXIAL","82","Axial","6.3","2.4","Through Hole","82","0.25W","1%","100ppm","250V","Device:R_US","BB_Resistors:R_Axial_DIN0207_L6.3mm_D2.5mm_P7.5mm_Horizontal","https://www.yageo.com/upload/media/product/app/datasheet/lr/yageo-mfr_datasheet.pdf"
"RES-0001-0025","MFR-25FBF52-100R","Yageo","RES 100 OHM 1% 1/4W AXIAL","100","Axial","6.3","2.4","Through Hole","100","0.25W","1%","100ppm","250V","Device:R_US","BB_Resistors:R_Axial_DIN0207_L6.3mm_D2.5mm_P7.5mm_Horizontal","https://www.yageo.com/upload/media/product/app/datasheet/lr/yageo-mfr_datasheet.pdf"
"RES-0001-0026","MFR-25FBF52-120R","Yageo","RES 120 OHM 1% 1/4W AXIAL","120","Axial","6.3","2.4","Through Hole","120","0.25W","1%","100ppm","250V","Device:R_US","BB_Resistors:R_Axial_DIN0207_L6.3mm_D2.5mm_P7.5mm_Horizontal","https://www.yageo.com/upload/media/product/app/datasheet/lr/yageo-mfr_datasheet.pdf"
"RES-0001-0027","MFR-25FBF52-150R","Yageo","RES 150 OHM 1% 1/4W AXIAL","150","Axial","6.3","2.4","Through Hole","150","0.25W","1%","100ppm","250V","Device:R_US","BB_Resistors:R_Axial_DIN0207_L6.3mm_D2.5mm_P7.5mm_Horizontal","https://www.yageo.com/upload/media/product/app/datasheet/lr/yageo-mfr_datasheet.pdf"
"RES-0001-0028","MFR-25FBF52-180R","Yageo","RES 180 OHM 1% 1/4W AXIAL","180","Axial","6.3","2.4","Through Hole","180","0.25W","1%","100ppm","250V","Device:R_US","BB_Resistors:R_Axial_DIN0207_L6.3mm_D2.5mm_P7.5mm_Horizontal","https://www.yageo.com/upload/media/product/app/datasheet/lr/yageo-mfr_datasheet.pdf"
"RES-0001-0029","MFR-25FBF52-220R","Yageo","RES 220 OHM 1% 1/4W AXIAL","220","Axial","6.3","2.4","Through Hole","220","0.25W","1%","100ppm","250V","Device:R_US","BB_Resistors:R_Axial_DIN0207_L6.3mm_D2.5mm_P7.5mm_Horizontal","https://www.yageo.com/upload/media/product/app/datasheet/lr/yageo-mfr_datasheet.pdf"
"RES-0001-0030","MFR-25FBF52-270R","Yageo","RES 270 OHM 1% 1/4W AXIAL","270","Axial","6.3","2.4","Through Hole","270","0.25W","1%","100ppm","250V","Device:R_US","BB_Resistors:R_Axial_DIN0207_L6.3mm_D2.5mm_P7.5mm_Horizontal","https://www.yageo.com/upload/media/product/app/datasheet/lr/yageo-mfr_datasheet.pdf"
"RES-0001-0031","MFR-25FBF52-330R","Yageo","RES 330 OHM 1% 1/4W AXIAL","330","Axial","6.3","2.4","Through Hole","330","0.25W","1%","100ppm","250V","Device:R_US","BB_Resistors:R_Axial_DIN0207_L6.3mm_D2.5mm_P7.5mm_Horizontal","https://www.yageo.com/upload/media/product/app/datasheet/lr/yageo-mfr_datasheet.pdf"
"RES-0001-0032","MFR-25FBF52-390R","Yageo","RES 390 OHM 1% 1/4W AXIAL","390","Axial","6.3","2.4","Through Hole","390","0.25W","1%","100ppm","250V","Device:R_US","BB_Resistors:R_Axial_DIN0207_L6.3mm_D2.5mm_P7.5mm_Horizontal","https://www.yageo.com/upload/media/product/app/datasheet/lr/yageo-mfr_datasheet.pdf"
"RES-0001-0033","MFR-25FBF52-470R","Yageo","RES 470 OHM 1% 1/4W AXIAL","470","Axial","6.3","2.4","Through Hole","470","0.25W","1%","100ppm","250V","Device:R_US","BB_Resistors:R_Axial_DIN0207_L6.3mm_D2.5mm_P7.5mm_Horizontal","https://www.yageo.com/upload/media/product/app/datasheet/lr/yageo-mfr_datasheet.pdf"
"RES-0001-0034","MFR-25FBF52-560R","Yageo","RES 560 OHM 1% 1/4W AXIAL","560","Axial","6.3","2.4","Through Hole","560","0.25W","1%","100ppm","250V","Device:R_US","BB_Resistors:R_Axial_DIN0207_L6.3mm_D2.5mm_P7.5mm_Horizontal","https://www.yageo.com/upload/media/product/app/datasheet/lr/yageo-mfr_datasheet.pdf"
"RES-0001-0035","MFR-25FBF52-680R","Yageo","RES 680 OHM 1% 1/4W AXIAL","680","Axial","6.3","2.4","Through Hole","680","0.25W","1%","100ppm","250V","Device:R_US","BB_Resistors:R_Axial_DIN0207_L6.3mm_D2.5mm_P7.5mm_Horizontal","https://www.yageo.com/upload/media/product/app/datasheet/lr/yageo-mfr_datasheet.pdf"
"RES-0001-0036","MFR-25FBF52-820R","Yageo","RES 820 OHM 1% 1/4W AXIAL","820","Axial","6.3","2.4","Through Hole","820","0.25W","1%","100ppm","250V","Device:R_US","BB_Resistors:R_Axial_DIN0207_L6.3mm_D2.5mm_P7.5mm_Horizontal","https://www.yageo.com/upload/media/product/app/datasheet/lr/yageo-mfr_datasheet.pdf"
"RES-0001-0037","MFR-25FBF52-1K","Yageo","RES 1k OHM 1% 1/4W AXIAL","1k","Axial","6.3","2.4","Through Hole","1k","0.25W","1%","100ppm","250V","Device:R_US","BB_Resistors:R_Axial_DIN0207_L6.3mm_D2.5mm_P7.5mm_Horizontal","https://www.yageo.com/upload/media/product/app/datasheet/lr/yageo-mfr_datasheet.pdf"
"RES-0001-0038","MFR-25FBF52-1K2","Yageo","RES 1.2k OHM 1% 1/4W AXIAL","1.2k","Axial","6.3","2.4","Through Hole","1.2k","0.25W","1%","100ppm","250V","Device:R_US","BB_Resistors:R_Axial_DIN0207_L6.3mm_D2.5mm_P7.5mm_Horizontal","https://www.yageo.com/upload/media/product/app/datasheet/lr/yageo-mfr_datasheet.pdf"
"RES-0001-0039","MFR-25FBF52-1K5","Yageo","RES 1.5k OHM 1% 1/4W AXIAL","1.5k","Axial","6.3","2.4","Through Hole","1.5k","0.25W","1%","100ppm","250V","Device:R_US","BB_Resistors:R_Axial_DIN0207_L6.3mm_D2.5mm_P7.5mm_Horizontal","https://www.yageo.com/upload/media/product/app/datasheet/lr/yageo-mfr_datasheet.pdf"
"RES-0001-0040","MFR-25FBF52-1K8","Yageo","RES 1.8k OHM 1% 1/4W AXIAL","1.8k","Axial","6.3","2.4","Through Hole","1.8k","0.25W","1%","100ppm","250V","Device:R_US","BB_Resistors:R_Axial_DIN0207_L6.3mm_D2.5mm_P7.5mm_Horizontal","https://www.yageo.com/upload/media/product/app/datasheet/lr/yageo-mfr_datasheet.pdf"
"RES-0001-0041","MFR-25FBF52-2K2","Yageo","RES 2.2k OHM 1% 1/4W AXIAL","2.2k","Axial","6.3","2.4","Through Hole","2.2k","0.25W","1%","100ppm","250V","Device:R_US","BB_Resistors:R_Axial_DIN0207_L6.3mm_D2.5mm_P7.5mm_Horizontal","https://www.yageo.com/upload/media/product/app/datasheet/lr/yageo-mfr_datasheet.pdf"
"RES-0001-0042","MFR-25FBF52-2K7","Yageo","RES 2.7k OHM 1% 1/4W AXIAL","2.7k","Axial","6.3","2.4","Through Hole","2.7k","0.25W","1%","100ppm","250V","Device:R_US","BB_Resistors:R_Axial_DIN0207_L6.3mm_D2.5mm_P7.5mm_Horizontal","https://www.yageo.com/upload/media/product/app/datasheet/lr/yageo-mfr_datasheet.pdf"
"RES-0001-0043","MFR-25FBF52-3K3","Yageo","RES 3.3k OHM 1% 1/4W AXIAL","3.3k","Axial","6.3","2.4","Through Hole","3.3k","0.25W","1%","100ppm","250V","Device:R_US","BB_Resistors:R_Axial_DIN0207_L6.3mm_D2.5mm_P7.5mm_Horizontal","https://www.yageo.com/upload/media/product/app/datasheet/lr/yageo-mfr_datasheet.pdf"
"RES-0001-0044","MFR-25FBF52-3K9","Yageo","RES 3.9k OHM 1% 1/4W AXIAL","3.9k","Axial","6.3","2.4","Through Hole","3.9k","0.25W","1%","100ppm","250V","Device:R_US","BB_Resistors:R_Axial_DIN0207_L6.3mm_D2.5mm_P7.5mm_Horizontal","https://www.yageo.com/upload/media/product/app/datasheet/lr/yageo-mfr_datasheet.pdf"
"RES-0001-0045","MFR-25FBF52-4K7","Yageo","RES 4.7k OHM 1% 1/4W AXIAL","4.7k","Axial","6.3","2.4","Through Hole","4.7k","0.25W","1%","100ppm","250V","Device:R_US","BB_Resistors:R_Axial_DIN0207_L6.3mm_D2.5mm_P7.5mm_Horizontal","https://www.yageo.com/upload/media/product/app/datasheet/lr/yageo-mfr_datasheet.pdf"
"RES-0001-0046","MFR-25FBF52-5K6","Yageo","RES 5.6k OHM 1% 1/4W AXIAL","5.6k","Axial","6.3","2.4","Through Hole","5.6k","0.25W","1%","100ppm","250V","Device:R_US","BB_Resistors:R_Axial_DIN0207_L6.3mm_D2.5mm_P7.5mm_Horizontal","https://www.yageo.com/upload/media/product/app/datasheet/lr/yageo-mfr_datasheet.pdf"
"RES-0001-0047","MFR-25FBF52-6K8","Yageo","RES 6.8k OHM 1% 1/4W AXIAL","6.8k","Axial","6.3","2.4","Through Hole","6.8k","0.25W","1%","100ppm","250V","Device:R_US","BB_Resistors:R_Axial_DIN0207_L6.3mm_D2.5mm_P7.5mm_Horizontal","https://www.yageo.com/upload/media/product/app/datasheet/lr/yageo-mfr_datasheet.pdf"
"RES-0001-0048","MFR-25FBF52-8K2","Yageo","RES 8.2k OHM 1% 1/4W AXIAL","8.2k","Axial","6.3","2.4","Through Hole","8.2k","0.25W","1%","100ppm","250V","Device:R_US","BB_Resistors:R_Axial_DIN0207_L6.3mm_D2.5mm_P7.5mm_Horizontal","https://www.yageo.com/upload/media/product/app/datasheet/lr/yageo-mfr_datasheet.pdf"
"RES-0001-0049","MFR-25FBF52-10K","Yageo","RES 10k OHM 1% 1/4W AXIAL","10k","Axial","6.3","2.4","Through Hole","10k","0.25W","1%","100ppm","250V","Device:R_US","BB_Resistors:R_Axial_DIN0207_L6.3mm_D2.5mm_P7.5mm_Horizontal","https://www.yageo.com/upload/media/product/app/datasheet/lr/yageo-mfr_datasheet.pdf"
"RES-0001-0050","MFR-25FBF52-12K","Yageo","RES 12k OHM 1% 1/4W AXIAL","12k","Axial","6.3","2.4","Through Hole","12k","0.25W","1%","100ppm","250V","Device:R_US","BB_Resistors:R_Axial_DIN0207_L6.3mm_D2.5mm_P7.5mm_Horizontal","https://www.yageo.com/upload/media/product/app/datasheet/lr/yageo-mfr_datasheet.pdf"
"RES-0001-0051","MFR-25FBF52-15K","Yageo","RES 15k OHM 1% 1/4W AXIAL","15k","Axial","6.3","2.4","Through Hole","15k","0.25W","1%","100ppm","250V","Device:R_US","BB_Resistors:R_Axial_DIN0207_L6.3mm_D2.5mm_P7.5mm_Horizontal","https://www.yageo.com/upload/media/product/app/datasheet/lr/yageo-mfr_datasheet.pdf"
"RES-0001-0052","MFR-25FBF52-18K","Yageo","RES 18k OHM 1% 1/4W AXIAL","18k","Axial","6.3","2.4","Through Hole","18k","0.25W","1%","100ppm","250V","Device:R_US","BB_Resistors:R_Axial_DIN0207_L6.3mm_D2.5mm_P7.5mm_Horizontal","https://www.yageo.com/upload/media/product/app/datasheet/lr/yageo-mfr_datasheet.pdf"
"RES-0001-0053","MFR-25FBF52-22K","Yageo","RES 22k OHM 1% 1/4W AXIAL","22k","Axial","6.3","2.4","Through Hole","22k","0.25W","1%","100ppm","250V","Device:R_US","BB_Resistors:R_Axial_DIN0207_L6.3mm_D2.5mm_P7.5mm_Horizontal","https://www.yageo.com/upload/media/product/app/datasheet/lr/yageo-mfr_datasheet.pdf"
"RES-0001-0054","MFR-25FBF52-27K","Yageo","RES 27k OHM 1% 1/4W AXIAL","27k","Axial","6.3","2.4","Through Hole","27k","0.25W","1%","100ppm","250V","Device:R_US","BB_Resistors:R_Axial_DIN0207_L6.3mm_D2.5mm_P7.5mm_Horizontal","https://www.yageo.com/upload/media/product/app/datasheet/lr/yageo-mfr_datasheet.pdf"
"RES-0001-0055","MFR-25FBF52-33K","Yageo","RES 33k OHM 1% 1/4W AXIAL","33k","Axial","6.3","2.4","Through Hole","33k","0.25W","1%","100ppm","250V","Device:R_US","BB_Resistors:R_Axial_DIN0207_L6.3mm_D2.5mm_P7.5mm_Horizontal","https://www.yageo.com/upload/media/product/app/datasheet/lr/yageo-mfr_datasheet.pdf"
"RES-0001-0056","MFR-25FBF52-39K","Yageo","RES 39k OHM 1% 1/4W AXIAL","39k","Axial","6.3","2.4","Through Hole","39k","0.25W","1%","100ppm","250V","Device:R_US","BB_Resistors:R_Axial_DIN0207_L6.3mm_D2.5mm_P7.5mm_Horizontal","https://www.yageo.com/upload/media/product/app/datasheet/lr/yageo-mfr_datasheet.pdf"
"RES-0001-0057","MFR-25FBF52-47K","Yageo","RES 47k OHM 1% 1/4W AXIAL","47k","Axial","6.3","2.4","Through Hole","47k","0.25W","1%","100ppm","250V","Device:R_US","BB_Resistors:R_Axial_DIN0207_L6.3mm_D2.5mm_P7.5mm_Horizontal","https://www.yageo.com/upload/media/product/app/datasheet/lr/yageo-mfr_datasheet.pdf"
"RES-0001-0058","MFR-25FBF52-56K","Yageo","RES 56k OHM 1% 1/4W AXIAL","56k","Axial","6.3","2.4","Through Hole","56k","0.25W","1%","100ppm","250V","Device:R_US","BB_Resistors:R_Axial_DIN0207_L6.3mm_D2.5mm_P7.5mm_Horizontal","https://www.yageo.com/upload/media/product/app/datasheet/lr/yageo-mfr_datasheet.pdf"
"RES-0001-0059","MFR-25FBF52-68K","Yageo","RES 68k OHM 1% 1/4W AXIAL","68k","Axial","6.3","2.4","Through Hole","68k","0.25W","1%","100ppm","250V","Device:R_US","BB_Resistors:R_Axial_DIN0207_L6.3mm_D2.5mm_P7.5mm_Horizontal","https://www.yageo.com/upload/media/product/app/datasheet/lr/yageo-mfr_datasheet.pdf"
"RES-0001-0060","MFR-25FBF52-82K","Yageo","RES 82k OHM 1% 1/4W AXIAL","82k","Axial","6.3","2.4","Through Hole","82k","0.25W","1%","100ppm","250V","Device:R_US","BB_Resistors:R_Axial_DIN0207_L6.3mm_D2.5mm_P7.5mm_Horizontal","https://www.yageo.com/upload/media/product/app/datasheet/lr/yageo-mfr_datasheet.pdf"
"RES-0001-0061","MFR-25FBF52-100K","Yageo","RES 100k OHM 1% 1/4W AXIAL","100k","Axial","6.3","2.4","Through Hole","100k","0.25W","1%","100ppm","250V","Device:R_US","BB_Resistors:R_Axial_DIN0207_L6.3mm_D2.5mm_P7.5mm_Horizontal","https://www.yageo.com/upload/media/product/app/datasheet/lr/yageo-mfr_datasheet.pdf"
"RES-0001-0062","MFR-25FBF52-120K","Yageo","RES 120k OHM 1% 1/4W AXIAL","120k","Axial","6.3","2.4","Through Hole","120k","0.25W","1%","100ppm","250V","Device:R_US","BB_Resistors:R_Axial_DIN0207_L6.3mm_D2.5mm_P7.5mm_Horizontal","https://www.yageo.com/upload/media/product/app/datasheet/lr/yageo-mfr_datasheet.pdf"
"RES-0001-0063","MFR-25FBF52-150K","Yageo","RES 150k OHM 1% 1/4W AXIAL","150k","Axial","6.3","2.4","Through Hole","150k","0.25W","1%","100ppm","250V","Device:R_US","BB_Resistors:R_Axial_DIN0207_L6.3mm_D2.5mm_P7.5mm_Horizontal","https://www.yageo.com/upload/media/product/app/datasheet/lr/yageo-mfr_datasheet.pdf"
"RES-0001-0064","MFR-25FBF52-180K","Yageo","RES 180k OHM 1% 1/4W AXIAL","180k","Axial","6.3","2.4","Through Hole","180k","0.25W","1%","100ppm","250V","Device:R_US","BB_Resistors:R_Axial_DIN0207_L6.3mm_D2.5mm_P7.5mm_Horizontal","https://www.yageo.com/upload/media/product/app/datasheet/lr/yageo-mfr_datasheet.pdf"
"RES-0001-0065","MFR-25FBF52-220K","Yageo","RES 220k OHM 1% 1/4W AXIAL","220k","Axial","6.3","2.4","Through Hole","220k","0.25W","1%","100ppm","250V","Device:R_US","BB_Resistors:R_Axial_DIN0207_L6.3mm_D2.5mm_P7.5mm_Horizontal","https://www.yageo.com/upload/media/product/app/datasheet/lr/yageo-mfr_datasheet.pdf"
"RES-0001-0066","MFR-25FBF52-270K","Yageo","RES 270k OHM 1% 1/4W AXIAL","270k","Axial","6.3","2.4","Through Hole","270k","0.25W","1%","100ppm","250V","Device:R_US","BB_Resistors:R_Axial_DIN0207_L6.3mm_D2.5mm_P7.5mm_Horizontal","https://www.yageo.com/upload/media/product/app/datasheet/lr/yageo-mfr_datasheet.pdf"
"RES-0001-0067","MFR-25FBF52-330K","Yageo","RES 330k OHM 1% 1/4W AXIAL","330k","Axial","6.3","2.4","Through Hole","330k","0.25W","1%","100ppm","250V","Device:R_US","BB_Resistors:R_Axial_DIN0207_L6.3mm_D2.5mm_P7.5mm_Horizontal","https://www.yageo.com/upload/media/product/app/datasheet/lr/yageo-mfr_datasheet.pdf"
"RES-0001-0068","MFR-25FBF52-390K","Yageo","RES 390k OHM 1% 1/4W AXIAL","390k","Axial","6.3","2.4","Through Hole","390k","0.25W","1%","100ppm","250V","Device:R_US","BB_Resistors:R_Axial_DIN0207_L6.3mm_D2.5mm_P7.5mm_Horizontal","https://www.yageo.com/upload/media/product/app/datasheet/lr/yageo-mfr_datasheet.pdf"
"RES-0001-0069","MFR-25FBF52-470K","Yageo","RES 470k OHM 1% 1/4W AXIAL","470k","Axial","6.3","2.4","Through Hole","470k","0.25W","1%","100ppm","250V","Device:R_US","BB_Resistors:R_Axial_DIN0207_L6.3mm_D2.5mm_P7.5mm_Horizontal","https://www.yageo.com/upload/media/product/app/datasheet/lr/yageo-mfr_datasheet.pdf"
"RES-0001-0070","MFR-25FBF52-560K","Yageo","RES 560k OHM 1% 1/4W AXIAL","560k","Axial","6.3","2.4","Through Hole","560k","0.25W","1%","100ppm","250V","Device:R_US","BB_Resistors:R_Axial_DIN0207_L6.3mm_D2.5mm_P7.5mm_Horizontal","https://www.yageo.com/upload/media/product/app/datasheet/lr/yageo-mfr_datasheet.pdf"
"RES-0001-0071","MFR-25FBF52-680K","Yageo","RES 680k OHM 1% 1/4W AXIAL","680k","Axial","6.3","2.4","Through Hole","680k","0.25W","1%","100ppm","250V","Device:R_US","BB_Resistors:R_Axial_DIN0207_L6.3mm_D2.5mm_P7.5mm_Horizontal","https://www.yageo.com/upload/media/product/app/datasheet/lr/yageo-mfr_datasheet.pdf"
"RES-0001-0072","MFR-25FBF52-820K","Yageo","RES 820k OHM 1% 1/4W AXIAL","820k","Axial","6.3","2.4","Through Hole","820k","0.25W","1%","100ppm","250V","Device:R_US","BB_Resistors:R_Axial_DIN0207_L6.3mm_D2.5mm_P7.5mm_Horizontal","https://www.yageo.com/upload/media/product/app/datasheet/lr/yageo-mfr_datasheet.pdf"
"RES-0001-0073","MFR-25FBF52-1M","Yageo","RES 1M OHM 1% 1/4W AXIAL","1M","Axial","6.3","2.4","Through Hole","1M","0.25W","1%","100ppm","250V","Device:R_US","BB_Resistors:R_Axial_DIN0207_L6.3mm_D2.5mm_P7.5mm_Horizontal","https://www.yageo.com/upload/media/product/app/datasheet/lr/yageo-mfr_datasheet.pdf"
"RES-0001-0074","MFR-25FBF52-1M2","Yageo","RES 1.2M OHM 1% 1/4W AXIAL","1.2M","Axial","6.3","2.4","Through Hole","1.2M","0.25W","1%","100ppm","250V","Device:R_US","BB_Resistors:R_Axial_DIN0207_L6.3mm_D2.5mm_P7.5mm_Horizontal","https://www.yageo.com/upload/media/product/app/datasheet/lr/yageo-mfr_datasheet.pdf"
"RES-0001-0075","MFR-25FBF52-1M5","Yageo","RES 1.5M OHM 1% 1/4W AXIAL","1.5M","Axial","6.3","2.4","Through Hole","1.5M","0.25W","1%","100ppm","250V","Device:R_US","BB_Resistors:R_Axial_DIN0207_L6.3mm_D2.5mm_P7.5mm_Horizontal","https://www.yageo.com/upload/media/product/app/datasheet/lr/yageo-mfr_datasheet.pdf"
"RES-0001-0076","MFR-25FBF52-1M8","Yageo","RES 1.8M OHM 1% 1/4W AXIAL","1.8M","Axial","6.3","2.4","Through Hole","1.8M","0.25W","1%","100ppm","250V","Device:R_US","BB_Resistors:R_Axial_DIN0207_L6.3mm_D2.5mm_P7.5mm_Horizontal","https://www.yageo.com/upload/media/product/app/datasheet/lr/yageo-mfr_datasheet.pdf"
"RES-0001-0077","MFR-25FBF52-2M2","Yageo","RES 2.2M OHM 1% 1/4W AXIAL","2.2M","Axial","6.3","2.4","Through Hole","2.2M","0.25W","1%","100ppm","250V","Device:R_US","BB_Resistors:R_Axial_DIN0207_L6.3mm_D2.5mm_P7.5mm_Horizontal","https://www.yageo.com/upload/media/product/app/datasheet/lr/yageo-mfr_datasheet.pdf"
"RES-0001-0078","MFR-25FBF52-2M7","Yageo","RES 2.7M OHM 1% 1/4W AXIAL","2.7M","Axial","6.3","2.4","Through Hole","2.7M","0.25W","1%","100ppm","250V","Device:R_US","BB_Resistors:R_Axial_DIN0207_L6.3mm_D2.5mm_P7.5mm_Horizontal","https://www.yageo.com/upload/media/product/app/datasheet/lr/yageo-mfr_datasheet.pdf"
"RES-0001-0079","MFR-25FBF52-3M3","Yageo","RES 3.3M OHM 1% 1/4W AXIAL","3.3M","Axial","6.3","2.4","Through Hole","3.3M","0.25W","1%","100ppm","250V","Device:R_US","BB_Resistors:R_Axial_DIN0207_L6.3mm_D2.5mm_P7.5mm_Horizontal","https://www.yageo.com/upload/media/product/app/datasheet/lr/yageo-mfr_datasheet.pdf"
"RES-0001-0080","MFR-25FBF52-3M9","Yageo","RES 3.9M OHM 1% 1/4W AXIAL","3.9M","Axial","6.3","2.4","Through Hole","3.9M","0.25W","1%","100ppm","250V","Device:R_US","BB_Resistors:R_Axial_DIN0207_L6.3mm_D2.5mm_P7.5mm_Horizontal","https://www.yageo.com/upload/media/product/app/datasheet/lr/yageo-mfr_datasheet.pdf"
"RES-0001-0081","MFR-25FBF52-4M7","Yageo","RES 4.7M OHM 1% 1/4W AXIAL","4.7M","Axial","6.3","2.4","Through Hole","4.7M","0.25W","1%","100ppm","250V","Device:R_US","BB_Resistors:R_Axial_DIN0207_L6.3mm_D2.5mm_P7.5mm_Horizontal","https://www.yageo.com/upload/media/product/app/datasheet/lr/yageo-mfr_datasheet.pdf"