IPN,MPN,Description,Manufacturer,Symbol,Footprint,Capacitance,Voltage,Material,Tolerance,Datasheet,Voltage Rating (AC),Series,Package/Case,Length,Width,Height,Mounting Type,Polarization,Lead Spacing
CAP-1001-0001,FKP2O100331D00KSSD,CAP FILM PP WIMA FKP2 33p,Wima,g-cap:C,Capacitor_THT:C_Rect_L7.2mm_W4.5mm_P5.00mm_FKS2_FKP2_MKS2_MKP2,33p,1000V,Polypropylene,=+/-20%,https://www.wima.de/wp-content/uploads/media/e_WIMA_FKP_2.pdf,250V,FKP 2,RCT-5,7.2,4.5,6,Through Hole,Bi-Polar,5mm
CAP-1001-0002,FKP2O100471D00KSSD,CAP FILM PP WIMA FKP2 47p,Wima,g-cap:C,Capacitor_THT:C_Rect_L7.2mm_W4.5mm_P5.00mm_FKS2_FKP2_MKS2_MKP2,47p,1000V,Polypropylene,=+/-20%,https://www.wima.de/wp-content/uploads/media/e_WIMA_FKP_2.pdf,250V,FKP 2,RCT-5,7.2,4.5,6,Through Hole,Bi-Polar,5mm
CAP-1001-0003,FKP2O100681D00KSSD,CAP FILM PP WIMA FKP2 68p,Wima,g-cap:C,Capacitor_THT:C_Rect_L7.2mm_W4.5mm_P5.00mm_FKS2_FKP2_MKS2_MKP2,68p,1000V,Polypropylene,=+/-20%,https://www.wima.de/wp-content/uploads/media/e_WIMA_FKP_2.pdf,250V,FKP 2,RCT-5,7.2,4.5,6,Through Hole,Bi-Polar,5mm
CAP-1001-0004,FKP2G001001D00KSSD,CAP FILM PP WIMA FKP2 100p,Wima,g-cap:C,Capacitor_THT:C_Rect_L7.2mm_W4.5mm_P5.00mm_FKS2_FKP2_MKS2_MKP2,100p,63V,Polypropylene,=+/-20%,https://www.wima.de/wp-content/uploads/media/e_WIMA_FKP_2.pdf,40V,FKP 2,RCT-5,7.2,4.5,6,Through Hole,Bi-Polar,5mm
CAP-1001-0005,FKP2F001501D00JSSD,CAP FILM PP WIMA FKP2 150p,Wima,g-cap:C,Capacitor_THT:C_Rect_L7.2mm_W4.5mm_P5.00mm_FKS2_FKP2_MKS2_MKP2,150p,63V,Polypropylene,=+/-20%,https://www.wima.de/wp-content/uploads/media/e_WIMA_FKP_2.pdf,40V,FKP 2,RCT-5,7.2,4.5,6,Through Hole,Bi-Polar,5mm
CAP-1001-0006,FKP2G002201D00KSSD,CAP FILM PP WIMA FKP2 220p,Wima,g-cap:C,Capacitor_THT:C_Rect_L7.2mm_W4.5mm_P5.00mm_FKS2_FKP2_MKS2_MKP2,220p,63V,Polypropylene,=+/-20%,https://www.wima.de/wp-content/uploads/media/e_WIMA_FKP_2.pdf,40V,FKP 2,RCT-5,7.2,4.5,6,Through Hole,Bi-Polar,5mm
CAP-1001-0007,FKP2F003301D00JSSD,CAP FILM PP WIMA FKP2 330p,Wima,g-cap:C,Capacitor_THT:C_Rect_L7.2mm_W4.5mm_P5.00mm_FKS2_FKP2_MKS2_MKP2,330p,63V,Polypropylene,=+/-20%,https://www.wima.de/wp-content/uploads/media/e_WIMA_FKP_2.pdf,40V,FKP 2,RCT-5,7.2,4.5,6,Through Hole,Bi-Polar,5mm
CAP-1001-0008,FKP2F003301D00JSSD,CAP FILM PP WIMA FKP2 470p,Wima,g-cap:C,Capacitor_THT:C_Rect_L7.2mm_W4.5mm_P5.00mm_FKS2_FKP2_MKS2_MKP2,470p,63V,Polypropylene,=+/-20%,https://www.wima.de/wp-content/uploads/media/e_WIMA_FKP_2.pdf,40V,FKP 2,RCT-5,7.2,4.5,6,Through Hole,Bi-Polar,5mm
CAP-1001-0009,FKP2D006801D00KSSD,CAP FILM PP WIMA FKP2 680p,Wima,g-cap:C,Capacitor_THT:C_Rect_L7.2mm_W4.5mm_P5.00mm_FKS2_FKP2_MKS2_MKP2,680p,63V,Polypropylene,=+/-20%,https://www.wima.de/wp-content/uploads/media/e_WIMA_FKP_2.pdf,40V,FKP 2,RCT-5,7.2,4.5,6,Through Hole,Bi-Polar,5mm
CAP-1001-0010,FKP2F011001D00HSSD,CAP FILM PP WIMA FKP2 1n,Wima,g-cap:C,Capacitor_THT:C_Rect_L7.2mm_W4.5mm_P5.00mm_FKS2_FKP2_MKS2_MKP2,1n,63V,Polypropylene,=+/-20%,https://www.wima.de/wp-content/uploads/media/e_WIMA_FKP_2.pdf,40V,FKP 2,RCT-5,7.2,4.5,6,Through Hole,Bi-Polar,5mm
CAP-1001-0011,FKP2G011501D00HSSD,CAP FILM PP WIMA FKP2 1.5n,Wima,g-cap:C,Capacitor_THT:C_Rect_L7.2mm_W4.5mm_P5.00mm_FKS2_FKP2_MKS2_MKP2,1.5n,63V,Polypropylene,=+/-20%,https://www.wima.de/wp-content/uploads/media/e_WIMA_FKP_2.pdf,40V,FKP 2,RCT-5,7.2,4.5,6,Through Hole,Bi-Polar,5mm
CAP-1001-0012,FKP2C012201D00KSSD,CAP FILM PP WIMA FKP2 2.2n,Wima,g-cap:C,Capacitor_THT:C_Rect_L7.2mm_W4.5mm_P5.00mm_FKS2_FKP2_MKS2_MKP2,2.2n,63V,Polypropylene,=+/-20%,https://www.wima.de/wp-content/uploads/media/e_WIMA_FKP_2.pdf,40V,FKP 2,RCT-5,7.2,4.5,6,Through Hole,Bi-Polar,5mm
CAP-1001-0013,FKP2C013301D00KSSD,CAP FILM PP WIMA FKP2 3.3n,Wima,g-cap:C,Capacitor_THT:C_Rect_L7.2mm_W4.5mm_P5.00mm_FKS2_FKP2_MKS2_MKP2,3.3n,63V,Polypropylene,=+/-20%,https://www.wima.de/wp-content/uploads/media/e_WIMA_FKP_2.pdf,40V,FKP 2,RCT-5,7.2,4.5,6,Through Hole,Bi-Polar,5mm
CAP-1001-0014,FKP2C014701D00JSSD,CAP FILM PP WIMA FKP2 4.7n,Wima,g-cap:C,Capacitor_THT:C_Rect_L7.2mm_W4.5mm_P5.00mm_FKS2_FKP2_MKS2_MKP2,4.7n,63V,Polypropylene,=+/-20%,https://www.wima.de/wp-content/uploads/media/e_WIMA_FKP_2.pdf,40V,FKP 2,RCT-5,7.2,4.5,6,Through Hole,Bi-Polar,5mm
CAP-1001-0015,FKP2C016801D00JSSD,CAP FILM PP WIMA FKP2 6.8n,Wima,g-cap:C,Capacitor_THT:C_Rect_L7.2mm_W4.5mm_P5.00mm_FKS2_FKP2_MKS2_MKP2,6.8n,63V,Polypropylene,=+/-20%,https://www.wima.de/wp-content/uploads/media/e_WIMA_FKP_2.pdf,40V,FKP 2,RCT-5,7.2,4.5,6,Through Hole,Bi-Polar,5mm
CAP-1002-0001,MKP2C021001B00JSSD,CAP FILM PP-M WIMA MKP2 10n,Wima,g-cap:C,Capacitor_THT:C_Rect_L7.2mm_W3.0mm_P5.00mm_FKS2_FKP2_MKS2_MKP2,10n,63V,Polypropylene (Metallized),=+/-20%,https://www.wima.de/wp-content/uploads/media/e_WIMA_MKP_2.pdf,40V,MKP 2,RCT-5,7.2,3,7.5,Through Hole,Bi-Polar,5mm
CAP-1002-0002,MKP2D021501B00KSSD,CAP FILM PP-M WIMA MKP2 15n,Wima,g-cap:C,Capacitor_THT:C_Rect_L7.2mm_W3.0mm_P5.00mm_FKS2_FKP2_MKS2_MKP2,15n,63V,Polypropylene (Metallized),=+/-20%,https://www.wima.de/wp-content/uploads/media/e_WIMA_MKP_2.pdf,40V,MKP 2,RCT-5,7.2,3,7.5,Through Hole,Bi-Polar,5mm
CAP-1002-0003,MKP2D022201B00KSSD,CAP FILM PP-M WIMA MKP2 22n,Wima,g-cap:C,Capacitor_THT:C_Rect_L7.2mm_W3.0mm_P5.00mm_FKS2_FKP2_MKS2_MKP2,22n,63V,Polypropylene (Metallized),=+/-20%,https://www.wima.de/wp-content/uploads/media/e_WIMA_MKP_2.pdf,40V,MKP 2,RCT-5,7.2,3,7.5,Through Hole,Bi-Polar,5mm
CAP-1002-0004,MKP2D023301B00KSSD,CAP FILM PP-M WIMA MKP2 33n,Wima,g-cap:C,Capacitor_THT:C_Rect_L7.2mm_W3.0mm_P5.00mm_FKS2_FKP2_MKS2_MKP2,33n,63V,Polypropylene (Metallized),=+/-20%,https://www.wima.de/wp-content/uploads/media/e_WIMA_MKP_2.pdf,40V,MKP 2,RCT-5,7.2,3,7.5,Through Hole,Bi-Polar,5mm
CAP-1002-0005,MKP2C024701C00KSSD,CAP FILM PP-M WIMA MKP2 47n,Wima,g-cap:C,Capacitor_THT:C_Rect_L7.2mm_W3.5mm_P5.00mm_FKS2_FKP2_MKS2_MKP2,47n,63V,Polypropylene (Metallized),=+/-20%,https://www.wima.de/wp-content/uploads/media/e_WIMA_MKP_2.pdf,40V,MKP 2,RCT-5,7.2,3.5,8.5,Through Hole,Bi-Polar,5mm
CAP-1002-0006,MKP2C026801E00JSSD,CAP FILM PP-M WIMA MKP2 68n,Wima,g-cap:C,Capacitor_THT:C_Rect_L7.2mm_W4.5mm_P5.00mm_FKS2_FKP2_MKS2_MKP2,68n,63V,Polypropylene (Metallized),=+/-20%,https://www.wima.de/wp-content/uploads/media/e_WIMA_MKP_2.pdf,40V,MKP 2,RCT-5,7.2,4.5,9.5,Through Hole,Bi-Polar,5mm
CAP-1002-0007,MKP2F031001F00KSSD,CAP FILM PP-M WIMA MKP2 100n,Wima,g-cap:C,Capacitor_THT:C_Rect_L7.2mm_W5.5mm_P5.00mm_FKS2_FKP2_MKS2_MKP2,100n,63V,Polypropylene (Metallized),=+/-20%,https://www.wima.de/wp-content/uploads/media/e_WIMA_MKP_2.pdf,40V,MKP 2,RCT-5,7.2,5,10,Through Hole,Bi-Polar,5mm
CAP-1003-0001,MKS2C031501A00MSSD,CAP FILM PE-M WIMA MKS2 150n,Wima,g-cap:C,Capacitor_THT:C_Rect_L7.2mm_W2.5mm_P5.00mm_FKS2_FKP2_MKS2_MKP2,150n,63V,Polyester (Metallized),=+/-20%,https://www.wima.de/wp-content/uploads/media/e_WIMA_MKS_2.pdf,40V,MKS 2,RCT-5,7.2,2.5,6.5,Through Hole,Bi-Polar,5mm
CAP-1003-0002,MKS2C032201B00KSSD,CAP FILM PE-M WIMA MKS2 220n,Wima,g-cap:C,Capacitor_THT:C_Rect_L7.2mm_W3.0mm_P5.00mm_FKS2_FKP2_MKS2_MKP2,220n,63V,Polyester (Metallized),=+/-20%,https://www.wima.de/wp-content/uploads/media/e_WIMA_MKS_2.pdf,40V,MKS 2,RCT-5,7.2,3,7.5,Through Hole,Bi-Polar,5mm
CAP-1003-0003,MKS2C033301C00KSSD,CAP FILM PE-M WIMA MKS2 330n,Wima,g-cap:C,Capacitor_THT:C_Rect_L7.2mm_W3.5mm_P5.00mm_FKS2_FKP2_MKS2_MKP2,330n,63V,Polyester (Metallized),=+/-20%,https://www.wima.de/wp-content/uploads/media/e_WIMA_MKS_2.pdf,40V,MKS 2,RCT-5,7.2,3.5,8.5,Through Hole,Bi-Polar,5mm
CAP-1003-0004,MKS2C034701C00MSSD,CAP FILM PE-M WIMA MKS2 470n,Wima,g-cap:C,Capacitor_THT:C_Rect_L7.2mm_W3.5mm_P5.00mm_FKS2_FKP2_MKS2_MKP2,470n,63V,Polyester (Metallized),=+/-20%,https://www.wima.de/wp-content/uploads/media/e_WIMA_MKS_2.pdf,40V,MKS 2,RCT-5,7.2,3.5,8.5,Through Hole,Bi-Polar,5mm
CAP-1003-0005,MKS2C036801E00JSSD,CAP FILM PE-M WIMA MKS2 680n,Wima,g-cap:C,Capacitor_THT:C_Rect_L7.2mm_W4.5mm_P5.00mm_FKS2_FKP2_MKS2_MKP2,680n,63V,Polyester (Metallized),=+/-20%,https://www.wima.de/wp-content/uploads/media/e_WIMA_MKS_2.pdf,40V,MKS 2,RCT-5,7.2,4.5,9.5,Through Hole,Bi-Polar,5mm
CAP-1003-0006,MKS2C041001F00MSSD,CAP FILM PE-M WIMA MKS2 1u,Wima,g-cap:C,Capacitor_THT:C_Rect_L7.2mm_W5.5mm_P5.00mm_FKS2_FKP2_MKS2_MKP2,1u,63V,Polyester (Metallized),=+/-20%,https://www.wima.de/wp-content/uploads/media/e_WIMA_MKS_2.pdf,40V,MKS 2,RCT-5,7.2,5,10,Through Hole,Bi-Polar,5mm
CAP-1003-0007,MKS2B041501E00JSSD,CAP FILM PE-M WIMA MKS2 1.5u,Wima,g-cap:C,Capacitor_THT:C_Rect_L7.2mm_W4.5mm_P5.00mm_FKS2_FKP2_MKS2_MKP2,1.5u,50V,Polyester (Metallized),=+/-20%,https://www.wima.de/wp-content/uploads/media/e_WIMA_MKS_2.pdf,30V,MKS 2,RCT-5,7.2,4.5,9.5,Through Hole,Bi-Polar,5mm
CAP-1003-0008,MKS2B042201F00JSSD,CAP FILM PE-M WIMA MKS2 2.2u,Wima,g-cap:C,Capacitor_THT:C_Rect_L7.2mm_W5.5mm_P5.00mm_FKS2_FKP2_MKS2_MKP2,2.2u,50V,Polyester (Metallized),=+/-20%,https://www.wima.de/wp-content/uploads/media/e_WIMA_MKS_2.pdf,30V,MKS 2,RCT-5,7.2,5,10,Through Hole,Bi-Polar,5mm
CAP-1003-0009,MKS2B043301H00JSSD,CAP FILM PE-M WIMA MKS2 3.3u,Wima,g-cap:C,Capacitor_THT:C_Rect_L7.2mm_W5.5mm_P5.00mm_FKS2_FKP2_MKS2_MKP2,3.3u,50V,Polyester (Metallized),=+/-20%,https://www.wima.de/wp-content/uploads/media/e_WIMA_MKS_2.pdf,30V,MKS 2,RCT-5,7.2,5.5,11.5,Through Hole,Bi-Polar,5mm
CAP-1003-0010,MKS2B044701K00JSSD,CAP FILM PE-M WIMA MKS2 4.7u,Wima,g-cap:C,Capacitor_THT:C_Rect_L7.2mm_W7.2mm_P5.00mm_FKS2_FKP2_MKS2_MKP2,4.7u,50V,Polyester (Metallized),=+/-20%,https://www.wima.de/wp-content/uploads/media/e_WIMA_MKS_2.pdf,30V,MKS 2,RCT-5,7.2,7.2,13,Through Hole,Bi-Polar,5mm
CAP-1003-0011,MKS2B046801M00JSSD,CAP FILM PE-M WIMA MKS2 6.8u,Wima,g-cap:C,Capacitor_THT:C_Rect_L7.2mm_W8.5mm_P5.00mm_FKP2_FKP2_MKS2_MKP2,6.8u,50V,Polyester (Metallized),=+/-20%,https://www.wima.de/wp-content/uploads/media/e_WIMA_MKS_2.pdf,30V,MKS 2,RCT-5,7.2,8.5,14,Through Hole,Bi-Polar,5mm
CAP-2004-0001,EEA-GA1H1R5H,CAP ALUM POL  20% 50V RADIAL 1.5u,Panasonic,g-cap:C_Pol,g-cap:CP_Radial_D4.0mm_H7.0mm_P2.50mm,1.5u,50V,Aluminum Electrolytic,=+/-20%,https://industrial.panasonic.com/cdbs/www-data/pdf/RDF0000/ABA0000C1041.pdf,N/A,GA-A,TH-4x7,4,4,7,Through Hole,Polar,2.5mm
CAP-2004-0002,EEA-GA1H2R2H,CAP ALUM POL  20% 50V RADIAL 2.2u,Panasonic,g-cap:C_Pol,g-cap:CP_Radial_D4.0mm_H7.0mm_P2.50mm,2.2u,50V,Aluminum Electrolytic,=+/-20%,https://industrial.panasonic.com/cdbs/www-data/pdf/RDF0000/ABA0000C1041.pdf,N/A,GA-A,TH-4x7,4,4,7,Through Hole,Polar,2.5mm
CAP-2004-0003,EEA-GA1H3R3H,CAP ALUM POL  20% 50V RADIAL 3.3u,Panasonic,g-cap:C_Pol,g-cap:CP_Radial_D4.0mm_H7.0mm_P2.50mm,3.3u,50V,Aluminum Electrolytic,=+/-20%,https://industrial.panasonic.com/cdbs/www-data/pdf/RDF0000/ABA0000C1041.pdf,N/A,GA-A,TH-4x7,4,4,7,Through Hole,Polar,2.5mm
CAP-2004-0004,EEA-GA1H4R7H,CAP ALUM POL  20% 50V RADIAL 4.7u,Panasonic,g-cap:C_Pol,g-cap:CP_Radial_D4.0mm_H7.0mm_P2.50mm,4.7u,50V,Aluminum Electrolytic,=+/-20%,https://industrial.panasonic.com/cdbs/www-data/pdf/RDF0000/ABA0000C1041.pdf,N/A,GA-A,TH-4x7,4,4,7,Through Hole,Polar,2.5mm
CAP-2004-0005,EEA-GA1H6R8H,CAP ALUM POL  20% 50V RADIAL 6.8u,Panasonic,g-cap:C_Pol,g-cap:CP_Radial_D5.0mm_H7.0mm_P2.50mm,6.8u,50V,Aluminum Electrolytic,=+/-20%,https://industrial.panasonic.com/cdbs/www-data/pdf/RDF0000/ABA0000C1041.pdf,N/A,GA-A,TH-4x7,5,5,7,Through Hole,Polar,2.5mm
CAP-2004-0006,EEA-GA1V100H,CAP ALUM POL  20% 35V RADIAL 10u,Panasonic,g-cap:C_Pol,g-cap:CP_Radial_D5.0mm_H7.0mm_P2.50mm,10u,35V,Aluminum Electrolytic,=+/-20%,https://industrial.panasonic.com/cdbs/www-data/pdf/RDF0000/ABA0000C1041.pdf,N/A,GA-A,TH-4x7,5,5,7,Through Hole,Polar,2.5mm
CAP-2004-0007,EEA-GA1E150H,CAP ALUM POL  20% 25V RADIAL 15u,Panasonic,g-cap:C_Pol,g-cap:CP_Radial_D5.0mm_H7.0mm_P2.50mm,15u,25V,Aluminum Electrolytic,=+/-20%,https://industrial.panasonic.com/cdbs/www-data/pdf/RDF0000/ABA0000C1041.pdf,N/A,GA-A,TH-4x7,5,5,7,Through Hole,Polar,2.5mm
CAP-2004-0008,EEA-GA1E220H,CAP ALUM POL  20% 25V RADIAL 22u,Panasonic,g-cap:C_Pol,g-cap:CP_Radial_D5.0mm_H7.0mm_P2.50mm,22u,25V,Aluminum Electrolytic,=+/-20%,https://industrial.panasonic.com/cdbs/www-data/pdf/RDF0000/ABA0000C1041.pdf,N/A,GA-A,TH-4x7,5,5,7,Through Hole,Polar,2.5mm
CAP-2004-0009,EEA-GA1E330,CAP ALUM POL  20% 35V RADIAL 33u,Panasonic,g-cap:C_Pol,g-cap:CP_Radial_D6.3mm_H7.0mm_P2.50mm,33u,35V,Aluminum Electrolytic,=+/-20%,https://industrial.panasonic.com/cdbs/www-data/pdf/RDF0000/ABA0000C1041.pdf,N/A,GA-A,TH-6x7,6.3,6.3,7,Through Hole,Polar,2.5mm
CAP-2005-0001,EEU-FR1H470,CAP ALUM POL  20% 50V RADIAL 47u,Panasonic,g-cap:C_Pol,g-cap:CP_Radial_D6.3mm_H11.0mm_P2.50mm,47u,50V,Aluminum Electrolytic,=+/-20%,https://industrial.panasonic.com/cdbs/www-data/pdf/RDF0000/ABA0000C1259.pdf,N/A,FR-A,TH-5x11,5,5,11,Through Hole,Polar,2.5mm
CAP-2005-0002,EEU-FR1V680H,CAP ALUM POL  20% 35V RADIAL 68u,Panasonic,g-cap:C_Pol,g-cap:CP_Radial_D6.3mm_H11.0mm_P2.50mm,68u,35V,Aluminum Electrolytic,=+/-20%,https://industrial.panasonic.com/cdbs/www-data/pdf/RDF0000/ABA0000C1259.pdf,N/A,FR-A,TH-5x11,5,5,11,Through Hole,Polar,2.5mm
CAP-2005-0003,EEU-FR1E101,CAP ALUM POL  20% 25V RADIAL 100u,Panasonic,g-cap:C_Pol,g-cap:CP_Radial_D6.3mm_H11.0mm_P2.50mm,100u,25V,Aluminum Electrolytic,=+/-20%,https://industrial.panasonic.com/cdbs/www-data/pdf/RDF0000/ABA0000C1259.pdf,N/A,FR-A,TH-6x11,6.3,6.3,11.2,Through Hole,Polar,2.5mm
CAP-2005-0004,EEU-FR1E151,CAP ALUM POL  20% 25V RADIAL 150u,Panasonic,g-cap:C_Pol,g-cap:CP_Radial_D6.3mm_H11.0mm_P2.50mm,150u,25V,Aluminum Electrolytic,=+/-20%,https://industrial.panasonic.com/cdbs/www-data/pdf/RDF0000/ABA0000C1259.pdf,N/A,FR-A,TH-6x11,6.3,6.3,11.2,Through Hole,Polar,2.5mm
CAP-2005-0005,EEU-FR1E221,CAP ALUM POL  20% 25V RADIAL 220u,Panasonic,g-cap:C_Pol,g-cap:CP_Radial_D8.0mm_H11.5mm_P3.50mm,220u,25V,Aluminum Electrolytic,=+/-20%,https://industrial.panasonic.com/cdbs/www-data/pdf/RDF0000/ABA0000C1259.pdf,N/A,FR-A,TH-8x12,8,8,11.5,Through Hole,Polar,3.5mm
CAP-2005-0006,EEU-FR1E331,CAP ALUM POL  20% 25V RADIAL 330u,Panasonic,g-cap:C_Pol,g-cap:CP_Radial_D8.0mm_H11.5mm_P3.50mm,330u,25V,Aluminum Electrolytic,=+/-20%,https://industrial.panasonic.com/cdbs/www-data/pdf/RDF0000/ABA0000C1259.pdf,N/A,FR-A,TH-8x12,8,8,11.5,Through Hole,Polar,3.5mm
CAP-2005-0007,EEU-FR1E471YB,CAP ALUM POL  20% 25V RADIAL 470u,Panasonic,g-cap:C_Pol,g-cap:CP_Radial_D10.0mm_H12.5mm_P5.00mm,470u,25V,Aluminum Electrolytic,=+/-20%,https://industrial.panasonic.com/cdbs/www-data/pdf/RDF0000/ABA0000C1259.pdf,N/A,FR-A,TH-10x13,10,10,12.5,Through Hole,Polar,5mm
CAP-2006-001U,UDB1H010MPM,CAP ALUM BI-POL 20% 50V RADIAL 1u,Nichicon,g-cap:C,g-cap:CP_Radial_D8.0mm_H11.5mm_P3.50mm,1u,50V,Aluminum Electrolytic,=+/-20%,https://www.nichicon.co.jp/english/series_items/catalog_pdf/e-udb.pdf,,UDB,TH-8x12,8,8,11.5,Through Hole,Bi-Polar,3.5mm
CAP-2006-001U,UDB1H1R5MPM,CAP ALUM BI-POL 20% 50V RADIAL 1.5u,Nichicon,g-cap:C,g-cap:CP_Radial_D8.0mm_H11.5mm_P3.50mm,1.5u,50V,Aluminum Electrolytic,=+/-20%,https://www.nichicon.co.jp/english/series_items/catalog_pdf/e-udb.pdf,,UDB,TH-8x12,8,8,11.5,Through Hole,Bi-Polar,3.5mm
CAP-2006-001U,UDB1H2R2MPM,CAP ALUM BI-POL 20% 50V RADIAL 2.2u,Nichicon,g-cap:C,g-cap:CP_Radial_D10.0mm_H12.5mm_P5.00mm,2.2u,50V,Aluminum Electrolytic,=+/-20%,https://www.nichicon.co.jp/english/series_items/catalog_pdf/e-udb.pdf,,UDB,TH-8x13,10,10,12.5,Through Hole,Bi-Polar,5mm
CAP-2006-001U,UDB1H3R3MPM,CAP ALUM BI-POL 20% 50V RADIAL 3.3u,Nichicon,g-cap:C,g-cap:CP_Radial_D10.0mm_H16.0mm_P5.00mm,3.3u,50V,Aluminum Electrolytic,=+/-20%,https://www.nichicon.co.jp/english/series_items/catalog_pdf/e-udb.pdf,,UDB,TH-10x16,10,10,16,Through Hole,Bi-Polar,5mm
CAP-2006-001U,UDB1H4R7MPM,CAP ALUM BI-POL 20% 50V RADIAL 4.7u,Nichicon,g-cap:C,g-cap:CP_Radial_D10.0mm_H20.0mm_P5.00mm,4.7u,50V,Aluminum Electrolytic,=+/-20%,https://www.nichicon.co.jp/english/series_items/catalog_pdf/e-udb.pdf,,UDB,TH-10x20,10,10,20,Through Hole,Bi-Polar,5mm
CAP-2006-001U,UDB1H6R8MHM,CAP ALUM BI-POL 20% 50V RADIAL 6.8u,Nichicon,g-cap:C,g-cap:CCP_Radial_D12.5mm_H20.0mm_P5.00mm,6.8u,50V,Aluminum Electrolytic,=+/-20%,https://www.nichicon.co.jp/english/series_items/catalog_pdf/e-udb.pdf,,UDB,TH-13x20,12.5,12.5,20,Through Hole,Bi-Polar,5mm
CAP-2006-001U,UES1H100MPM,CAP ALUM BI-POL 20% 50V RADIAL 10u,Nichicon,g-cap:C,g-cap:CP_Radial_D8.0mm_H11.5mm_P3.50mm,10u,50V,Aluminum Electrolytic,=+/-20%,https://www.nichicon.co.jp/english/series_items/catalog_pdf/e-ues.pdf,,UES,TH-8x12,8,8,11.5,Through Hole,Bi-Polar,3.5mm
CAP-2006-001U,UES1V220MPM,CAP ALUM BI-POL 20% 35V RADIAL 22u,Nichicon,g-cap:C,g-cap:CP_Radial_D8.0mm_H11.5mm_P3.50mm,22u,35V,Aluminum Electrolytic,=+/-20%,https://www.nichicon.co.jp/english/series_items/catalog_pdf/e-ues.pdf,,UES,TH-8x12,8,8,11.5,Through Hole,Bi-Polar,3.5mm
CAP-2006-001U,UES1E330MPM,CAP ALUM BI-POL 20% 25V RADIAL 33u,Nichicon,g-cap:C,g-cap:CP_Radial_D8.0mm_H11.5mm_P3.50mm,33u,25V,Aluminum Electrolytic,=+/-20%,https://www.nichicon.co.jp/english/series_items/catalog_pdf/e-ues.pdf,,UES,TH-8x12,8,8,11.5,Through Hole,Bi-Polar,3.5mm
CAP-2006-001U,UES1E470MPM,CAP ALUM BI-POL 20% 25V RADIAL 47u,Nichicon,g-cap:C,g-cap:CP_Radial_D10.0mm_H12.5mm_P5.00mm,47u,25V,Aluminum Electrolytic,=+/-20%,https://www.nichicon.co.jp/english/series_items/catalog_pdf/e-ues.pdf,,UES,TH-10x13,10,10,12.5,Through Hole,Bi-Polar,5mm
CAP-2006-001U,UES1E101MPM,CAP ALUM BI-POL 20% 25V RADIAL 100u,Nichicon,g-cap:C,g-cap:CP_Radial_D10.0mm_H16.0mm_P5.00mm,100u,25V,Aluminum Electrolytic,=+/-20%,https://www.nichicon.co.jp/english/series_items/catalog_pdf/e-ues.pdf,,UES,TH-10x16,10,10,16,Through Hole,Bi-Polar,5mm
CAP-3005-001U,EEE-HB1H1R0R,CAP ALUM POL 20% 50V SMT 1u,Panasonic,g-cap:C_Pol,Capacitor_SMD:CP_Elec_4x5.8,1u,50V,Aluminum Electrolytic,=+/-20%,https://industrial.panasonic.com/cdbs/www-data/pdf/RDE0000/ABA0000C1157.pdf,,HB,SM-4x6,4,4,5.8,SMD,Polar,
CAP-3005-02U2,EEE-HB1H2R2R,CAP ALUM POL 20% 50V SMT 2.2u,Panasonic,g-cap:C_Pol,Capacitor_SMD:CP_Elec_4x5.8,2.2u,50V,Aluminum Electrolytic,=+/-20%,https://industrial.panasonic.com/cdbs/www-data/pdf/RDE0000/ABA0000C1157.pdf,,HB,SM-4x6,4,4,5.8,SMD,Polar,
CAP-3005-03U3,EEE-HB1H3R3R,CAP ALUM POL 20% 50V SMT 3.3u,Panasonic,g-cap:C_Pol,Capacitor_SMD:CP_Elec_4x5.8,3.3u,50V,Aluminum Electrolytic,=+/-20%,https://industrial.panasonic.com/cdbs/www-data/pdf/RDE0000/ABA0000C1157.pdf,,HB,SM-4x6,4,4,5.8,SMD,Polar,
CAP-3005-04U7,EEE-HB1E4R7R,CAP ALUM POL 20% 25V SMT 4.7u,Panasonic,g-cap:C_Pol,Capacitor_SMD:CP_Elec_4x5.8,4.7u,25V,Aluminum Electrolytic,=+/-20%,https://industrial.panasonic.com/cdbs/www-data/pdf/RDE0000/ABA0000C1157.pdf,,HB,SM-4x6,4,4,5.8,SMD,Polar,
CAP-3005-06U8,EEE-HB1E6R8R,CAP ALUM POL 20% 25V SMT 6.8u,Panasonic,g-cap:C_Pol,Capacitor_SMD:CP_Elec_6.3x5.8,6.8u,25V,Aluminum Electrolytic,=+/-20%,https://industrial.panasonic.com/cdbs/www-data/pdf/RDE0000/ABA0000C1157.pdf,,HB,SM-4x6,4,4,5.8,SMD,Polar,
CAP-3005-010U,EEE-HB1H100P,CAP ALUM POL 20% 50V SMT 10u,Panasonic,g-cap:C_Pol,Capacitor_SMD:CP_Elec_6.3x5.8,10u,50V,Aluminum Electrolytic,=+/-20%,https://industrial.panasonic.com/cdbs/www-data/pdf/RDE0000/ABA0000C1157.pdf,,HB,SM-6x6,6.3,6.3,5.8,SMD,Polar,
CAP-3005-022U,EEE-HB1V220P,CAP ALUM POL 20% 35V SMT 22u,Panasonic,g-cap:C_Pol,Capacitor_SMD:CP_Elec_6.3x5.8,22u,35V,Aluminum Electrolytic,=+/-20%,https://industrial.panasonic.com/cdbs/www-data/pdf/RDE0000/ABA0000C1157.pdf,,HB,SM-6x6,6.3,6.3,5.8,SMD,Polar,
CAP-3005-033U,EEE-HB1E330P,CAP ALUM POL 20% 25V SMT 33u,Panasonic,g-cap:C_Pol,Capacitor_SMD:CP_Elec_6.3x5.8,33u,25V,Aluminum Electrolytic,=+/-20%,https://industrial.panasonic.com/cdbs/www-data/pdf/RDE0000/ABA0000C1157.pdf,,HB,SM-6x6,6.3,6.3,5.8,SMD,Polar,
CAP-3005-047U,EEE-FK1E470P,CAP ALUM POL 20% 25V SMT 47u,Panasonic,g-cap:C_Pol,Capacitor_SMD:CP_Elec_6.3x5.8,47u,25V,Aluminum Electrolytic,=+/-20%,https://industrial.panasonic.com/cdbs/www-data/pdf/RDE0000/ABA0000C1181.pdf,,FK,SM-6x6,6.3,6.3,5.8,SMD,Polar,
CAP-3005-100U,EEE-FK1E101P,CAP ALUM POL 20% 25V SMT 100u,Panasonic,g-cap:C_Pol,Capacitor_SMD:CP_Elec_8x6.2,100u,25V,Aluminum Electrolytic,=+/-20%,https://industrial.panasonic.com/cdbs/www-data/pdf/RDE0000/ABA0000C1181.pdf,,FK,SM-8x6,8,8,6.2,SMD,Polar,
CAP-3005-150U,EEE-FK1E151P,CAP ALUM POL 20% 25V SMT 150u,Panasonic,g-cap:C_Pol,Capacitor_SMD:CP_Elec_8x10.5,150u,25V,Aluminum Electrolytic,=+/-20%,https://industrial.panasonic.com/cdbs/www-data/pdf/RDE0000/ABA0000C1181.pdf,,FK,SM-8x10,8,8,10.2,SMD,Polar,
CAP-3005-220U,EEE-FK1E221P,CAP ALUM POL 20% 25V SMT 220u,Panasonic,g-cap:C_Pol,Capacitor_SMD:CP_Elec_8x10.5,220u,25V,Aluminum Electrolytic,=+/-20%,https://industrial.panasonic.com/cdbs/www-data/pdf/RDE0000/ABA0000C1181.pdf,,FK,SM-8x10,8,8,10.2,SMD,Polar,
CAP-3005-330U,EEE-FK1E331P,CAP ALUM POL 20% 25V SMT 330u,Panasonic,g-cap:C_Pol,Capacitor_SMD:CP_Elec_8x10.5,330u,25V,Aluminum Electrolytic,=+/-20%,https://industrial.panasonic.com/cdbs/www-data/pdf/RDE0000/ABA0000C1181.pdf,,FK,SM-8x10,8,8,10.2,SMD,Polar,
CAP-3005-470U,EEE-FK1E471P,CAP ALUM POL 20% 25V SMT 470u,Panasonic,g-cap:C_Pol,Capacitor_SMD:CP_Elec_10x10.5,470u,25V,Aluminum Electrolytic,=+/-20%,https://industrial.panasonic.com/cdbs/www-data/pdf/RDE0000/ABA0000C1181.pdf,,FK,SM-10x10,10,10,10.2,SMD,Polar,
CAP-4001-01R0,GRM1555C1H1R0BA01D,CAP SMD 1p 0402 50V C0G +/-0.1pF,Murata,g-cap:C,Capacitor_SMD:C_0402_1005Metric,1p,50V,C0G,=+/-0.1pF,https://www.murata.com/en-us/products/productdetail?partno=GRM1555C1H1R0BA01D%23,,GRM,0402,1.0mm,0.5mm,0.5mm,SMD,Unpolarized,
CAP-4001-01R2,GRM1555C1H1R2BA01D,CAP SMD 1.2p 0402 50V C0G +/-0.1pF,Murata,g-cap:C,Capacitor_SMD:C_0402_1005Metric,1.2p,50V,C0G,=+/-0.1pF,https://www.murata.com/en-us/products/productdetail?partno=GRM1555C1H1R2BA01D%23,,GRM,0402,1.0mm,0.5mm,0.5mm,SMD,Unpolarized,
CAP-4001-01R5,GRM1555C1H1R5BA01D,CAP SMD 1.5p 0402 50V C0G +/-0.1pF,Murata,g-cap:C,Capacitor_SMD:C_0402_1005Metric,1.5p,50V,C0G,=+/-0.1pF,https://www.murata.com/en-us/products/productdetail?partno=GRM1555C1H1R5BA01D%23,,GRM,0402,1.0mm,0.5mm,0.5mm,SMD,Unpolarized,
CAP-4001-01R8,GRM1555C1H1R8BA01D,CAP SMD 1.8p 0402 50V C0G +/-0.1pF,Murata,g-cap:C,Capacitor_SMD:C_0402_1005Metric,1.8p,50V,C0G,=+/-0.1pF,https://www.murata.com/en-us/products/productdetail?partno=GRM1555C1H1R8BA01D%23,,GRM,0402,1.0mm,0.5mm,0.5mm,SMD,Unpolarized,
CAP-4001-02R2,GRM1555C1H2R2BA01D,CAP SMD 2.2p 0402 50V C0G +/-0.1pF,Murata,g-cap:C,Capacitor_SMD:C_0402_1005Metric,2.2p,50V,C0G,=+/-0.1pF,https://www.murata.com/en-us/products/productdetail?partno=GRM1555C1H2R2BA01D%23,,GRM,0402,1.0mm,0.5mm,0.5mm,SMD,Unpolarized,
CAP-4001-02R7,GRM1555C1H2R7BA01D,CAP SMD 2.7p 0402 50V C0G +/-0.1pF,Murata,g-cap:C,Capacitor_SMD:C_0402_1005Metric,2.7p,50V,C0G,=+/-0.1pF,https://www.murata.com/en-us/products/productdetail?partno=GRM1555C1H2R7BA01D%23,,GRM,0402,1.0mm,0.5mm,0.5mm,SMD,Unpolarized,
CAP-4001-03R3,GRM1555C1H3R3BA01D,CAP SMD 3.3p 0402 50V C0G +/-0.1pF,Murata,g-cap:C,Capacitor_SMD:C_0402_1005Metric,3.3p,50V,C0G,=+/-0.1pF,https://www.murata.com/en-us/products/productdetail?partno=GRM1555C1H3R3BA01D%23,,GRM,0402,1.0mm,0.5mm,0.5mm,SMD,Unpolarized,
CAP-4001-03R9,GRM1555C1H3R9BA01D,CAP SMD 3.9p 0402 50V C0G +/-0.1pF,Murata,g-cap:C,Capacitor_SMD:C_0402_1005Metric,3.9p,50V,C0G,=+/-0.1pF,https://www.murata.com/en-us/products/productdetail?partno=GRM1555C1H3R9BA01D%23,,GRM,0402,1.0mm,0.5mm,0.5mm,SMD,Unpolarized,
CAP-4001-04R7,GRM1555C1H4R7BA01D,CAP SMD 4.7p 0402 50V C0G +/-0.1pF,Murata,g-cap:C,Capacitor_SMD:C_0402_1005Metric,4.7p,50V,C0G,=+/-0.1pF,https://www.murata.com/en-us/products/productdetail?partno=GRM1555C1H4R7BA01D%23,,GRM,0402,1.0mm,0.5mm,0.5mm,SMD,Unpolarized,
CAP-4001-05R6,GRM1555C1H5R6BA01D,CAP SMD 5.6p 0402 50V C0G +/-0.1pF,Murata,g-cap:C,Capacitor_SMD:C_0402_1005Metric,5.6p,50V,C0G,=+/-0.1pF,https://www.murata.com/en-us/products/productdetail?partno=GRM1555C1H5R6BA01D%23,,GRM,0402,1.0mm,0.5mm,0.5mm,SMD,Unpolarized,
CAP-4001-06R8,GRM1555C1H6R8BA01D,CAP SMD 6.8p 0402 50V C0G +/-0.1pF,Murata,g-cap:C,Capacitor_SMD:C_0402_1005Metric,6.8p,50V,C0G,=+/-0.1pF,https://www.murata.com/en-us/products/productdetail?partno=GRM1555C1H6R8BA01D%23,,GRM,0402,1.0mm,0.5mm,0.5mm,SMD,Unpolarized,
CAP-4001-08R2,GRM1555C1H8R2BA01D,CAP SMD 8.2p 0402 50V C0G +/-0.1pF,Murata,g-cap:C,Capacitor_SMD:C_0402_1005Metric,8.2p,50V,C0G,=+/-0.1pF,https://www.murata.com/en-us/products/productdetail?partno=GRM1555C1H8R2BA01D%23,,GRM,0402,1.0mm,0.5mm,0.5mm,SMD,Unpolarized,
CAP-4001-0100,GRM1555C1H100GA01D,CAP SMD 10p 0402 50V C0G +/-2%,Murata,g-cap:C,Capacitor_SMD:C_0402_1005Metric,10p,50V,C0G,=+/-2%,https://www.murata.com/en-us/products/productdetail?partno=GRM1555C1H100GA01D%23,,GRM,0402,1.0mm,0.5mm,0.5mm,SMD,Unpolarized,
CAP-4001-0120,GRM1555C1H120GA01D,CAP SMD 12p 0402 50V C0G +/-2%,Murata,g-cap:C,Capacitor_SMD:C_0402_1005Metric,12p,50V,C0G,=+/-2%,https://www.murata.com/en-us/products/productdetail?partno=GRM1555C1H120GA01D%23,,GRM,0402,1.0mm,0.5mm,0.5mm,SMD,Unpolarized,
CAP-4001-0150,GRM1555C1H150GA01D,CAP SMD 15p 0402 50V C0G +/-2%,Murata,g-cap:C,Capacitor_SMD:C_0402_1005Metric,15p,50V,C0G,=+/-2%,https://www.murata.com/en-us/products/productdetail?partno=GRM1555C1H150GA01D%23,,GRM,0402,1.0mm,0.5mm,0.5mm,SMD,Unpolarized,
CAP-4001-0180,GRM1555C1H180GA01D,CAP SMD 18p 0402 50V C0G +/-2%,Murata,g-cap:C,Capacitor_SMD:C_0402_1005Metric,18p,50V,C0G,=+/-2%,https://www.murata.com/en-us/products/productdetail?partno=GRM1555C1H180GA01D%23,,GRM,0402,1.0mm,0.5mm,0.5mm,SMD,Unpolarized,
CAP-4001-0220,GRM1555C1H220GA01D,CAP SMD 22p 0402 50V C0G +/-2%,Murata,g-cap:C,Capacitor_SMD:C_0402_1005Metric,22p,50V,C0G,=+/-2%,https://www.murata.com/en-us/products/productdetail?partno=GRM1555C1H220GA01D%23,,GRM,0402,1.0mm,0.5mm,0.5mm,SMD,Unpolarized,
CAP-4001-0270,GRM1555C1H270GA01D,CAP SMD 27p 0402 50V C0G +/-2%,Murata,g-cap:C,Capacitor_SMD:C_0402_1005Metric,27p,50V,C0G,=+/-2%,https://www.murata.com/en-us/products/productdetail?partno=GRM1555C1H270GA01D%23,,GRM,0402,1.0mm,0.5mm,0.5mm,SMD,Unpolarized,
CAP-4001-0330,GRM1555C1H330GA01D,CAP SMD 33p 0402 50V C0G +/-2%,Murata,g-cap:C,Capacitor_SMD:C_0402_1005Metric,33p,50V,C0G,=+/-2%,https://www.murata.com/en-us/products/productdetail?partno=GRM1555C1H330GA01D%23,,GRM,0402,1.0mm,0.5mm,0.5mm,SMD,Unpolarized,
CAP-4001-0390,GRM1555C1H390GA01D,CAP SMD 39p 0402 50V C0G +/-2%,Murata,g-cap:C,Capacitor_SMD:C_0402_1005Metric,39p,50V,C0G,=+/-2%,https://www.murata.com/en-us/products/productdetail?partno=GRM1555C1H390GA01D%23,,GRM,0402,1.0mm,0.5mm,0.5mm,SMD,Unpolarized,
CAP-4001-0470,GRM1555C1H470GA01D,CAP SMD 47p 0402 50V C0G +/-2%,Murata,g-cap:C,Capacitor_SMD:C_0402_1005Metric,47p,50V,C0G,=+/-2%,https://www.murata.com/en-us/products/productdetail?partno=GRM1555C1H470GA01D%23,,GRM,0402,1.0mm,0.5mm,0.5mm,SMD,Unpolarized,
CAP-4001-0560,GRM1555C1H560GA01D,CAP SMD 56p 0402 50V C0G +/-2%,Murata,g-cap:C,Capacitor_SMD:C_0402_1005Metric,56p,50V,C0G,=+/-2%,https://www.murata.com/en-us/products/productdetail?partno=GRM1555C1H560GA01D%23,,GRM,0402,1.0mm,0.5mm,0.5mm,SMD,Unpolarized,
CAP-4001-0680,GRM1555C1H680GA01D,CAP SMD 68p 0402 50V C0G +/-2%,Murata,g-cap:C,Capacitor_SMD:C_0402_1005Metric,68p,50V,C0G,=+/-2%,https://www.murata.com/en-us/products/productdetail?partno=GRM1555C1H680GA01D%23,,GRM,0402,1.0mm,0.5mm,0.5mm,SMD,Unpolarized,
CAP-4001-0820,GRM1555C1H820GA01D,CAP SMD 82p 0402 50V C0G +/-2%,Murata,g-cap:C,Capacitor_SMD:C_0402_1005Metric,82p,50V,C0G,=+/-2%,https://www.murata.com/en-us/products/productdetail?partno=GRM1555C1H820GA01D%23,,GRM,0402,1.0mm,0.5mm,0.5mm,SMD,Unpolarized,
CAP-4001-0101,GRM1555C1H101GA01D,CAP SMD 100p 0402 50V C0G +/-2%,Murata,g-cap:C,Capacitor_SMD:C_0402_1005Metric,100p,50V,C0G,=+/-2%,https://www.murata.com/en-us/products/productdetail?partno=GRM1555C1H101GA01D%23,,GRM,0402,1.0mm,0.5mm,0.5mm,SMD,Unpolarized,
CAP-4001-0121,GRM1555C1H121JA01D,CAP SMD 120p 0402 50V C0G +/-5%,Murata,g-cap:C,Capacitor_SMD:C_0402_1005Metric,120p,50V,C0G,=+/-5%,https://www.murata.com/en-us/products/productdetail?partno=GRM1555C1H121JA01D%23,,GRM,0402,1.0mm,0.5mm,0.5mm,SMD,Unpolarized,
CAP-4001-0151,GRM1555C1H151JA01D,CAP SMD 150p 0402 50V C0G +/-5%,Murata,g-cap:C,Capacitor_SMD:C_0402_1005Metric,150p,50V,C0G,=+/-5%,https://www.murata.com/en-us/products/productdetail?partno=GRM1555C1H151JA01D%23,,GRM,0402,1.0mm,0.5mm,0.5mm,SMD,Unpolarized,
CAP-4001-0181,GRM1555C1H181JA01D,CAP SMD 180p 0402 50V C0G +/-5%,Murata,g-cap:C,Capacitor_SMD:C_0402_1005Metric,180p,50V,C0G,=+/-5%,https://www.murata.com/en-us/products/productdetail?partno=GRM1555C1H181JA01D%23,,GRM,0402,1.0mm,0.5mm,0.5mm,SMD,Unpolarized,
CAP-4001-0221,GRM1555C1H221JA01D,CAP SMD 220p 0402 50V C0G +/-5%,Murata,g-cap:C,Capacitor_SMD:C_0402_1005Metric,220p,50V,C0G,=+/-5%,https://www.murata.com/en-us/products/productdetail?partno=GRM1555C1H221JA01D%23,,GRM,0402,1.0mm,0.5mm,0.5mm,SMD,Unpolarized,
CAP-4001-0271,GRM1555C1H271JA01D,CAP SMD 270p 0402 50V C0G +/-5%,Murata,g-cap:C,Capacitor_SMD:C_0402_1005Metric,270p,50V,C0G,=+/-5%,https://www.murata.com/en-us/products/productdetail?partno=GRM1555C1H271JA01D%23,,GRM,0402,1.0mm,0.5mm,0.5mm,SMD,Unpolarized,
CAP-4001-0331,GRM1555C1H331JA01D,CAP SMD 330p 0402 50V C0G +/-5%,Murata,g-cap:C,Capacitor_SMD:C_0402_1005Metric,330p,50V,C0G,=+/-5%,https://www.murata.com/en-us/products/productdetail?partno=GRM1555C1H331JA01D%23,,GRM,0402,1.0mm,0.5mm,0.5mm,SMD,Unpolarized,
CAP-4001-0391,GRM1555C1H391JA01D,CAP SMD 390p 0402 50V C0G +/-5%,Murata,g-cap:C,Capacitor_SMD:C_0402_1005Metric,390p,50V,C0G,=+/-5%,https://www.murata.com/en-us/products/productdetail?partno=GRM1555C1H391JA01D%23,,GRM,0402,1.0mm,0.5mm,0.5mm,SMD,Unpolarized,
CAP-4001-0471,GRM1555C1H471JA01D,CAP SMD 470p 0402 50V C0G +/-5%,Murata,g-cap:C,Capacitor_SMD:C_0402_1005Metric,470p,50V,C0G,=+/-5%,https://www.murata.com/en-us/products/productdetail?partno=GRM1555C1H471JA01D%23,,GRM,0402,1.0mm,0.5mm,0.5mm,SMD,Unpolarized,
CAP-4001-0561,GRM1555C1H561JA01D,CAP SMD 560p 0402 50V C0G +/-5%,Murata,g-cap:C,Capacitor_SMD:C_0402_1005Metric,560p,50V,C0G,=+/-5%,https://www.murata.com/en-us/products/productdetail?partno=GRM1555C1H561JA01D%23,,GRM,0402,1.0mm,0.5mm,0.5mm,SMD,Unpolarized,
CAP-4001-0681,GRM1555C1H681JA01D,CAP SMD 680p 0402 50V C0G +/-5%,Murata,g-cap:C,Capacitor_SMD:C_0402_1005Metric,680p,50V,C0G,=+/-5%,https://www.murata.com/en-us/products/productdetail?partno=GRM1555C1H681JA01D%23,,GRM,0402,1.0mm,0.5mm,0.5mm,SMD,Unpolarized,
CAP-4001-0821,GRM1555C1H821JA01D,CAP SMD 820p 0402 50V C0G +/-5%,Murata,g-cap:C,Capacitor_SMD:C_0402_1005Metric,820p,50V,C0G,=+/-5%,https://www.murata.com/en-us/products/productdetail?partno=GRM1555C1H821JA01D%23,,GRM,0402,1.0mm,0.5mm,0.5mm,SMD,Unpolarized,
CAP-4001-0102,GRM1555C1H102JA01D,CAP SMD 1n 0402 50V C0G +/-5%,Murata,g-cap:C,Capacitor_SMD:C_0402_1005Metric,1n,50V,C0G,=+/-5%,https://www.murata.com/en-us/products/productdetail?partno=GRM1555C1H102JA01D%23,,GRM,0402,1.0mm,0.5mm,0.5mm,SMD,Unpolarized,
CAP-4001-0122,GRM1555C1H122JA01D,CAP SMD 1.2n 0402 50V C0G +/-5%,Murata,g-cap:C,Capacitor_SMD:C_0402_1005Metric,1.2n,50V,C0G,=+/-5%,https://www.murata.com/en-us/products/productdetail?partno=GRM1555C1H122JA01D%23,,GRM,0402,1.0mm,0.5mm,0.5mm,SMD,Unpolarized,
CAP-4001-0152,GRM1555C1H152JA01D,CAP SMD 1.5n 0402 50V C0G +/-5%,Murata,g-cap:C,Capacitor_SMD:C_0402_1005Metric,1.5n,50V,C0G,=+/-5%,https://www.murata.com/en-us/products/productdetail?partno=GRM1555C1H152JA01D%23,,GRM,0402,1.0mm,0.5mm,0.5mm,SMD,Unpolarized,
CAP-4001-0182,GRM1555C1H182JA01D,CAP SMD 1.8n 0402 50V C0G +/-5%,Murata,g-cap:C,Capacitor_SMD:C_0402_1005Metric,1.8n,50V,C0G,=+/-5%,https://www.murata.com/en-us/products/productdetail?partno=GRM1555C1H182JA01D%23,,GRM,0402,1.0mm,0.5mm,0.5mm,SMD,Unpolarized,
CAP-4001-0222,GRM1555C1H222JA01D,CAP SMD 2.2n 0402 50V C0G +/-5%,Murata,g-cap:C,Capacitor_SMD:C_0402_1005Metric,2.2n,50V,C0G,=+/-5%,https://www.murata.com/en-us/products/productdetail?partno=GRM1555C1H222JA01D%23,,GRM,0402,1.0mm,0.5mm,0.5mm,SMD,Unpolarized,
CAP-4001-0272,GRM1555C1H272JA01D,CAP SMD 2.7n 0402 50V C0G +/-5%,Murata,g-cap:C,Capacitor_SMD:C_0402_1005Metric,2.7n,50V,C0G,=+/-5%,https://www.murata.com/en-us/products/productdetail?partno=GRM1555C1H272JA01D%23,,GRM,0402,1.0mm,0.5mm,0.5mm,SMD,Unpolarized,
CAP-4001-0332,GRM1555C1H332JA01D,CAP SMD 3.3n 0402 50V C0G +/-5%,Murata,g-cap:C,Capacitor_SMD:C_0402_1005Metric,3.3n,50V,C0G,=+/-5%,https://www.murata.com/en-us/products/productdetail?partno=GRM1555C1H332JA01D%23,,GRM,0402,1.0mm,0.5mm,0.5mm,SMD,Unpolarized,
CAP-4001-0392,GRM1555C1H392JA01D,CAP SMD 3.9n 0402 50V C0G +/-5%,Murata,g-cap:C,Capacitor_SMD:C_0402_1005Metric,3.9n,50V,C0G,=+/-5%,https://www.murata.com/en-us/products/productdetail?partno=GRM1555C1H392JA01D%23,,GRM,0402,1.0mm,0.5mm,0.5mm,SMD,Unpolarized,
CAP-4001-0472,GRM1555C1H472JA01D,CAP SMD 4.7n 0402 50V C0G +/-5%,Murata,g-cap:C,Capacitor_SMD:C_0402_1005Metric,4.7n,50V,C0G,=+/-5%,https://www.murata.com/en-us/products/productdetail?partno=GRM1555C1H472JA01D%23,,GRM,0402,1.0mm,0.5mm,0.5mm,SMD,Unpolarized,
CAP-4001-0562,GRM1555C1H562JA01D,CAP SMD 5.6n 0402 50V C0G +/-5%,Murata,g-cap:C,Capacitor_SMD:C_0402_1005Metric,5.6n,50V,C0G,=+/-5%,https://www.murata.com/en-us/products/productdetail?partno=GRM1555C1H562JA01D%23,,GRM,0402,1.0mm,0.5mm,0.5mm,SMD,Unpolarized,
CAP-4001-0682,GRM1555C1H682JA01D,CAP SMD 6.8n 0402 50V C0G +/-5%,Murata,g-cap:C,Capacitor_SMD:C_0402_1005Metric,6.8n,50V,C0G,=+/-5%,https://www.murata.com/en-us/products/productdetail?partno=GRM1555C1H682JA01D%23,,GRM,0402,1.0mm,0.5mm,0.5mm,SMD,Unpolarized,
CAP-4001-0822,GRM1555C1H822JA01D,CAP SMD 8.2n 0402 50V C0G +/-5%,Murata,g-cap:C,Capacitor_SMD:C_0402_1005Metric,8.2n,50V,C0G,=+/-5%,https://www.murata.com/en-us/products/productdetail?partno=GRM1555C1H822JA01D%23,,GRM,0402,1.0mm,0.5mm,0.5mm,SMD,Unpolarized,
CAP-4002-0103,GRM2195C1H103JA01D,CAP SMD 10n 0805 50V C0G +/-5%,Murata,g-cap:C,Capacitor_SMD:C_0805_2012Metric,10n,50V,C0G,=+/-5%,https://www.murata.com/en-us/products/productdetail?partno=GRM2195C1H103JA01D%23,,GRM,0805,2.0mm,1.25mm,0.85mm,SMD,Unpolarized,
CAP-4002-0123,GRM2195C1H123JA01D,CAP SMD 12n 0805 50V C0G +/-5%,Murata,g-cap:C,Capacitor_SMD:C_0805_2012Metric,12n,50V,C0G,=+/-5%,https://www.murata.com/en-us/products/productdetail?partno=GRM2195C1H123JA01D%23,,GRM,0805,2.0mm,1.25mm,0.85mm,SMD,Unpolarized,
CAP-4002-0153,GRM2195C1H153JA01D,CAP SMD 15n 0805 50V C0G +/-5%,Murata,g-cap:C,Capacitor_SMD:C_0805_2012Metric,15n,50V,C0G,=+/-5%,https://www.murata.com/en-us/products/productdetail?partno=GRM2195C1H153JA01D%23,,GRM,0805,2.0mm,1.25mm,0.85mm,SMD,Unpolarized,
CAP-4002-0183,GRM2165C1H183JA01D,CAP SMD 18n 0805 50V C0G +/-5%,Murata,g-cap:C,Capacitor_SMD:C_0805_2012Metric,18n,50V,C0G,=+/-5%,https://www.murata.com/en-us/products/productdetail?partno=GRM2165C1H183JA01D%23,,GRM,0805,2.0mm,1.25mm,0.6mm,SMD,Unpolarized,
CAP-4002-0223,GRM2165C1H223JA01D,CAP SMD 22n 0805 50V C0G +/-5%,Murata,g-cap:C,Capacitor_SMD:C_0805_2012Metric,22n,50V,C0G,=+/-5%,https://www.murata.com/en-us/products/productdetail?partno=GRM2165C1H223JA01D%23,,GRM,0805,2.0mm,1.25mm,0.6mm,SMD,Unpolarized,
CAP-4002-0273,GRM2165C1H273JA01D,CAP SMD 27n 0805 50V C0G +/-5%,Murata,g-cap:C,Capacitor_SMD:C_0805_2012Metric,27n,50V,C0G,=+/-5%,https://www.murata.com/en-us/products/productdetail?partno=GRM2165C1H273JA01D%23,,GRM,0805,2.0mm,1.25mm,0.6mm,SMD,Unpolarized,
CAP-4002-0333,GRM2165C1H333JA01D,CAP SMD 33n 0805 50V C0G +/-5%,Murata,g-cap:C,Capacitor_SMD:C_0805_2012Metric,33n,50V,C0G,=+/-5%,https://www.murata.com/en-us/products/productdetail?partno=GRM2165C1H333JA01D%23,,GRM,0805,2.0mm,1.25mm,0.6mm,SMD,Unpolarized,
CAP-4003-0393,GRM31B5C1H393JA01D,CAP SMD 39n 1206 50V C0G +/-5%,Murata,g-cap:C,Capacitor_SMD:C_0805_2012Metric,39n,50V,C0G,=+/-5%,https://www.murata.com/en-us/products/productdetail?partno=GRM31B5C1H393JA01D%23,,GRM,1206,3.2mm,1.6mm,1.25mm,SMD,Unpolarized,
CAP-4003-0473,GRM31B5C1H473JA01D,CAP SMD 47n 1206 50V C0G +/-5%,Murata,g-cap:C,Capacitor_SMD:C_1206_3216Metric,47n,50V,C0G,=+/-5%,https://www.murata.com/en-us/products/productdetail?partno=GRM31B5C1H473JA01D%23,,GRM,1206,3.2mm,1.6mm,1.25mm,SMD,Unpolarized,
CAP-4003-0563,GRM31B5C1H563JA01D,CAP SMD 56n 1206 50V C0G +/-5%,Murata,g-cap:C,Capacitor_SMD:C_1206_3216Metric,56n,50V,C0G,=+/-5%,https://www.murata.com/en-us/products/productdetail?partno=GRM31B5C1H563JA01D%23,,GRM,1206,3.2mm,1.6mm,1.25mm,SMD,Unpolarized,
CAP-4003-0683,GRM31C5C1H683JA01D,CAP SMD 68n 1206 50V C0G +/-5%,Murata,g-cap:C,Capacitor_SMD:C_1206_3216Metric,68n,50V,C0G,=+/-5%,https://www.murata.com/en-us/products/productdetail?partno=GRM31C5C1H683JA01D%23,,GRM,1206,3.2mm,1.6mm,1.6mm,SMD,Unpolarized,
CAP-4003-0823,GRM31C5C1H823JA01D,CAP SMD 82n 1206 50V C0G +/-5%,Murata,g-cap:C,Capacitor_SMD:C_1206_3216Metric,82n,50V,C0G,=+/-5%,https://www.murata.com/en-us/products/productdetail?partno=GRM31C5C1H823JA01D%23,,GRM,1206,3.2mm,1.6mm,1.6mm,SMD,Unpolarized,
CAP-4003-0104,GRM31C5C1H104JA01D,CAP SMD 100n 1206 50V C0G +/-5%,Murata,g-cap:C,Capacitor_SMD:C_1206_3216Metric,100n,50V,C0G,=+/-5%,https://www.murata.com/en-us/products/productdetail?partno=GRM31C5C1H104JA01D%23,,GRM,1206,3.2mm,1.6mm,1.6mm,SMD,Unpolarized,
CAP-4003-0154,GRM31C5C1H154JA01D,CAP SMD 150n 1206 50V C0G +/-5%,Murata,g-cap:C,Capacitor_SMD:C_1206_3216Metric,150n,50V,C0G,=+/-5%,https://www.murata.com/en-us/products/productdetail?partno=GRM31C5C1H154JA01D%23,,GRM,1206,3.2mm,1.6mm,1.6mm,SMD,Unpolarized,
CAP-4003-0224,GRM31C5C1H224JA01D,CAP SMD 220n 1206 50V C0G +/-5%,Murata,g-cap:C,Capacitor_SMD:C_1206_3216Metric,220n,50V,C0G,=+/-5%,https://www.murata.com/en-us/products/productdetail?partno=GRM31C5C1H224JA01D%23,,GRM,1206,3.2mm,1.6mm,1.6mm,SMD,Unpolarized,
CAP-4004-0334,GRM31C5C1E334JA01D,CAP SMD 330n 1206 25V C0G +/-5%,Murata,g-cap:C,Capacitor_SMD:C_1206_3216Metric,330n,25V,C0G,=+/-5%,https://www.murata.com/en-us/products/productdetail?partno=GRM31C5C1E334JA01D%23,,GRM,1206,3.2mm,1.6mm,1.6mm,SMD,Unpolarized,
CAP-4004-0474,GRM31C5C1E474JA01D,CAP SMD 470n 1206 25V C0G +/-5%,Murata,g-cap:C,Capacitor_SMD:C_1206_3216Metric,470n,25V,C0G,=+/-5%,https://www.murata.com/en-us/products/productdetail?partno=GRM31C5C1E474JA01D%23,,GRM,1206,3.2mm,1.6mm,1.6mm,SMD,Unpolarized,
CAP-4103-010N,C0402C103K3RACTU,CAP SMD 10nF 0402 25V+ X7R,Kemet,g-cap:C,Capacitor_SMD:C_0402_1005Metric,10n,25V+,X7R,10%,https://content.kemet.com/datasheets/KEM_C1002_X7R_SMD.pdf,,SMD Comm X7R,0402,1.0mm,0.5mm,,SMD,Unpolarized,
CAP-4103-015N,C0402C153K3RACTU,CAP SMD 15nF 0402 25V+ X7R,Kemet,g-cap:C,Capacitor_SMD:C_0402_1005Metric,15n,25V+,X7R,10%,https://content.kemet.com/datasheets/KEM_C1002_X7R_SMD.pdf,,SMD Comm X7R,0402,1.0mm,0.5mm,,SMD,Unpolarized,
CAP-4103-022N,C0402C223K3RACTU,CAP SMD 22nF 0402 25V+ X7R,Kemet,g-cap:C,Capacitor_SMD:C_0402_1005Metric,22n,25V+,X7R,10%,https://content.kemet.com/datasheets/KEM_C1002_X7R_SMD.pdf,,SMD Comm X7R,0402,1.0mm,0.5mm,,SMD,Unpolarized,
CAP-4103-033N,C0402C333K3RACTU,CAP SMD 33nF 0402 25V+ X7R,Kemet,g-cap:C,Capacitor_SMD:C_0402_1005Metric,33n,25V+,X7R,10%,https://content.kemet.com/datasheets/KEM_C1002_X7R_SMD.pdf,,SMD Comm X7R,0402,1.0mm,0.5mm,,SMD,Unpolarized,
CAP-4103-047N,C0402C473K3RACTU,CAP SMD 47nF 0402 25V+ X7R,Kemet,g-cap:C,Capacitor_SMD:C_0402_1005Metric,47n,25V+,X7R,10%,https://content.kemet.com/datasheets/KEM_C1002_X7R_SMD.pdf,,SMD Comm X7R,0402,1.0mm,0.5mm,,SMD,Unpolarized,
CAP-4103-068N,C0402C683K3RACTU,CAP SMD 68nF 0402 25V+ X7R,Kemet,g-cap:C,Capacitor_SMD:C_0402_1005Metric,68n,25V+,X7R,10%,https://content.kemet.com/datasheets/KEM_C1002_X7R_SMD.pdf,,SMD Comm X7R,0402,1.0mm,0.5mm,,SMD,Unpolarized,
CAP-4103-100N,C0402C104K3RACTU,CAP SMD 100nF 0402 25V+ X7R,Kemet,g-cap:C,Capacitor_SMD:C_0402_1005Metric,100n,25V+,X7R,10%,https://content.kemet.com/datasheets/KEM_C1002_X7R_SMD.pdf,,SMD Comm X7R,0402,1.0mm,0.5mm,,SMD,Unpolarized,
CAP-4103-150N,C0402C154K3RACTU,CAP SMD 150nF 0402 25V+ X7R,Kemet,g-cap:C,Capacitor_SMD:C_0402_1005Metric,150n,25V+,X7R,10%,https://content.kemet.com/datasheets/KEM_C1002_X7R_SMD.pdf,,SMD Comm X7R,0402,1.0mm,0.5mm,,SMD,Unpolarized,
CAP-4103-220N,C0402C224K3RACTU,CAP SMD 220nF 0402 25V+ X7R,Kemet,g-cap:C,Capacitor_SMD:C_0402_1005Metric,220n,25V+,X7R,10%,https://content.kemet.com/datasheets/KEM_C1002_X7R_SMD.pdf,,SMD Comm X7R,0402,1.0mm,0.5mm,,SMD,Unpolarized,
CAP-4104-330N,C0603C334K3RACTU,CAP SMD 330nF 0603 25V+ X7R,Kemet,g-cap:C,Capacitor_SMD:C_0603_1608Metric,330n,25V+,X7R,10%,https://content.kemet.com/datasheets/KEM_C1002_X7R_SMD.pdf,,SMD Comm X7R,0603,1.6mm,0.8mm,,SMD,Unpolarized,
CAP-4104-470N,C0603C474K3RACTU,CAP SMD 470nF 0603 25V+ X7R,Kemet,g-cap:C,Capacitor_SMD:C_0603_1608Metric,470n,25V+,X7R,10%,https://content.kemet.com/datasheets/KEM_C1002_X7R_SMD.pdf,,SMD Comm X7R,0603,1.6mm,0.8mm,,SMD,Unpolarized,
CAP-4105-680N,C0805C684K3RACTU,CAP SMD 680nF 0805 25V+ X7R,Kemet,g-cap:C,Capacitor_SMD:C_0805_2012Metric,680n,25V+,X7R,10%,https://content.kemet.com/datasheets/KEM_C1002_X7R_SMD.pdf,,SMD Comm X7R,0805,2.0mm,1.25mm,,SMD,Unpolarized,
CAP-4105-001U,C0805C105K3RACTU,CAP SMD 1uF 0805 25V+ X7R,Kemet,g-cap:C,Capacitor_SMD:C_0805_2012Metric,1u,25V+,X7R,10%,https://content.kemet.com/datasheets/KEM_C1002_X7R_SMD.pdf,,SMD Comm X7R,0805,2.0mm,1.25mm,,SMD,Unpolarized,
CAP-4106-02U2,C1206C225K3RACTU,CAP SMD 2.2uF 1206 25V+ X7R,Kemet,g-cap:C,Capacitor_SMD:C_1206_3216Metric,2.2u,25V+,X7R,10%,https://content.kemet.com/datasheets/KEM_C1002_X7R_SMD.pdf,,SMD Comm X7R,1206,3.2mm,1.6mm,,SMD,Unpolarized,
CAP-4106-04U7,C1206C475K3RACTU,CAP SMD 4.7uF 1206 25V+ X7R,Kemet,g-cap:C,Capacitor_SMD:C_1206_3216Metric,4.7u,25V+,X7R,10%,https://content.kemet.com/datasheets/KEM_C1002_X7R_SMD.pdf,,SMD Comm X7R,1206,3.2mm,1.6mm,,SMD,Unpolarized,
CAP-4112-010U,C1210C106K3RACTU,CAP SMD 10uF 1210 25V+ X7R,Kemet,g-cap:C,Capacitor_SMD:C_1210_3225Metric,10u,25V+,X7R,10%,https://content.kemet.com/datasheets/KEM_C1002_X7R_SMD.pdf,,SMD Comm X7R,1210,3.2mm,2.5mm,,SMD,Unpolarized,
CAP-4112-022U,C1210C226K3RACTU,CAP SMD 22uF 1210 25V+ X7R,Kemet,g-cap:C,Capacitor_SMD:C_1210_3225Metric,22u,25V+,X7R,10%,https://content.kemet.com/datasheets/KEM_C1002_X7R_SMD.pdf,,SMD Comm X7R,1210,3.2mm,2.5mm,,SMD,Unpolarized,
CAP-4107-001U,C0603C105K8RACTU,CAP SMD 1uF 0603 10V+ X7R,Kemet,g-cap:C,Capacitor_SMD:C_0603_1608Metric,1u,10V+,X7R,10%,https://content.kemet.com/datasheets/KEM_C1002_X7R_SMD.pdf,,SMD Comm X7R,0603,1.6mm,0.8mm,,SMD,Unpolarized,
CAP-4107-02U2,C0603C225K8RACTU,CAP SMD 2.2uF 0603 10V+ X7R,Kemet,g-cap:C,Capacitor_SMD:C_0603_1608Metric,2.2u,10V+,X7R,10%,https://content.kemet.com/datasheets/KEM_C1002_X7R_SMD.pdf,,SMD Comm X7R,0603,1.6mm,0.8mm,,SMD,Unpolarized,
CAP-4105-04U7,C0805C475K8RACTU,CAP SMD 4.7uF 0805 10V+ X7R,Kemet,g-cap:C,Capacitor_SMD:C_0805_2012Metric,4.7u,10V+,X7R,10%,https://content.kemet.com/datasheets/KEM_C1002_X7R_SMD.pdf,,SMD Comm X7R,0805,2.0mm,1.25mm,,SMD,Unpolarized,
CAP-4108-010U,C1206C106K8RACTU,CAP SMD 10uF 1206 10V+ X7R,Kemet,g-cap:C,Capacitor_SMD:C_1206_3216Metric,10u,10V+,X7R,10%,https://content.kemet.com/datasheets/KEM_C1002_X7R_SMD.pdf,,SMD Comm X7R,1206,3.2mm,1.6mm,,SMD,Unpolarized,
CAP-4109-022U,C1206C226K8RACTU,CAP SMD 22uF 1206 10V+ X7R,Kemet,g-cap:C,Capacitor_SMD:C_1206_3216Metric,22u,10V+,X7R,10%,https://content.kemet.com/datasheets/KEM_C1002_X7R_SMD.pdf,,SMD Comm X7R,1206,3.2mm,1.6mm,,SMD,Unpolarized,
CAP-4111-047U,C1210C476K9RACTU,CAP SMD 47uF 1210 10V+ X7R,Kemet,g-cap:C,Capacitor_SMD:C_1210_3225Metric,47u,6.3V+,X7R,10%,https://content.kemet.com/datasheets/KEM_C1002_X7R_SMD.pdf,,SMD Comm X7R,1210,3.2mm,2.5mm,,SMD,Unpolarized,
CAP-4110-330N,C0402C334K9RACTU,CAP SMD 330nF 0402 6.3V+ X7R,Kemet,g-cap:C,Capacitor_SMD:C_0402_1005Metric,330n,6.3V+,X7R,10%,https://content.kemet.com/datasheets/KEM_C1002_X7R_SMD.pdf,,SMD Comm X7R,0402,1.0mm,0.5mm,,SMD,Unpolarized,
CAP-4110-470N,C0402C474K9RACTU,CAP SMD 470nF 0402 6.3V+ X7R,Kemet,g-cap:C,Capacitor_SMD:C_0402_1005Metric,470n,6.3V+,X7R,10%,https://content.kemet.com/datasheets/KEM_C1002_X7R_SMD.pdf,,SMD Comm X7R,0402,1.0mm,0.5mm,,SMD,Unpolarized,
CAP-4110-680N,C0402C684K9RACTU,CAP SMD 680nF 0402 6.3V+ X7R,Kemet,g-cap:C,Capacitor_SMD:C_0402_1005Metric,680n,6.3V+,X7R,10%,https://content.kemet.com/datasheets/KEM_C1002_X7R_SMD.pdf,,SMD Comm X7R,0402,1.0mm,0.5mm,,SMD,Unpolarized,
CAP-4110-001U,,CAP SMD 1uF 0402 6.3V+ X7R,Kemet,g-cap:C,Capacitor_SMD:C_0402_1005Metric,1u,6.3V+,X7R,10%,https://content.kemet.com/datasheets/KEM_C1002_X7R_SMD.pdf,,SMD Comm X7R,0402,1.0mm,0.5mm,,SMD,Unpolarized,
CAP-4110-04U7,C0805C475K9RACTU,CAP SMD 4.7uF 0805 6.3V+ X7R,Kemet,g-cap:C,Capacitor_SMD:C_0805_2012Metric,4.7u,6.3V+,X7R,10%,https://content.kemet.com/datasheets/KEM_C1002_X7R_SMD.pdf,,SMD Comm X7R,0805,2.0mm,1.25mm,,SMD,Unpolarized,
CAP-4110-010U,C0805C106K9RACTU,CAP SMD 10uF 0805 6.3V+ X7R,Kemet,g-cap:C,Capacitor_SMD:C_0805_2012Metric,10u,6.3V+,X7R,10%,https://content.kemet.com/datasheets/KEM_C1002_X7R_SMD.pdf,,SMD Comm X7R,0805,2.0mm,1.25mm,,SMD,Unpolarized,
