IPN,MPN,Manufacturer,Description,Symbol,Footprint,Pins,Datasheet,
CON-0001-0002,22-28-5024,Molex,"0.1” jumper, 2pos, gold plating",Jumper:Jumper_2_Open,Connector_PinHeader_2.54mm:PinHeader_1x02_P2.54mm_Vertical,2,https://www.molex.com/pdm_docs/ps/PS-10-07-001.pdf,
CON-0001-0003,22-28-4034,Molex,"0.1” header, 3pos",Connector_Generic:Conn_01x03,Connector_PinHeader_2.54mm:PinHeader_1x03_P2.54mm_Vertical,3,https://www.molex.com/pdm_docs/ps/PS-10-07-001.pdf,
CON-0001-0004,22-28-4044,Molex,"0.1” header, 4pos",Connector_Generic:Conn_01x04,Connector_PinHeader_2.54mm:PinHeader_1x04_P2.54mm_Vertical,4,https://www.molex.com/pdm_docs/ps/PS-10-07-001.pdf,
CON-0001-0005,22-28-4054,Molex,"0.1” header, 5pos",Connector_Generic:Conn_01x05,Connector_PinHeader_2.54mm:PinHeader_1x05_P2.54mm_Vertical,5,https://www.molex.com/pdm_docs/ps/PS-10-07-001.pdf,
CON-0001-0006,22-28-4064,Molex,"0.1” header, 6pos",Connector_Generic:Conn_01x06,Connector_PinHeader_2.54mm:PinHeader_1x06_P2.54mm_Vertical,6,https://www.molex.com/pdm_docs/ps/PS-10-07-001.pdf,
CON-0001-0007,22-28-4074,Molex,"0.1” header, 7pos",Connector_Generic:Conn_01x07,Connector_PinHeader_2.54mm:PinHeader_1x07_P2.54mm_Vertical,7,https://www.molex.com/pdm_docs/ps/PS-10-07-001.pdf,
CON-0001-0008,22-28-4084,Molex,"0.1” header, 8pos",Connector_Generic:Conn_01x08,Connector_PinHeader_2.54mm:PinHeader_1x08_P2.54mm_Vertical,8,https://www.molex.com/pdm_docs/ps/PS-10-07-001.pdf,
CON-0001-0009,22-28-4094,Molex,"0.1” header, 9pos",Connector_Generic:Conn_01x09,Connector_PinHeader_2.54mm:PinHeader_1x09_P2.54mm_Vertical,9,https://www.molex.com/pdm_docs/ps/PS-10-07-001.pdf,
CON-0001-0010,22-28-4104,Molex,"0.1” header, 10pos",Connector_Generic:Conn_01x10,Connector_PinHeader_2.54mm:PinHeader_1x10_P2.54mm_Vertical,10,https://www.molex.com/pdm_docs/ps/PS-10-07-001.pdf,
CON-0001-0011,22-28-4114,Molex,"0.1” header, 11pos",Connector_Generic:Conn_01x11,Connector_PinHeader_2.54mm:PinHeader_1x11_P2.54mm_Vertical,11,https://www.molex.com/pdm_docs/ps/PS-10-07-001.pdf,
CON-0001-0012,22-28-4124,Molex,"0.1” header, 12pos",Connector_Generic:Conn_01x12,Connector_PinHeader_2.54mm:PinHeader_1x12_P2.54mm_Vertical,12,https://www.molex.com/pdm_docs/ps/PS-10-07-001.pdf,
CON-0002-0001,217182-0001,Molex,USB-C Vertical,g-con:USB_C_Receptacle_2.0_Vert,g-con:usbc-vert-217182-0001,,https://www.molex.com/content/dam/molex/molex-dot-com/products/automated/en-us/salesdrawingpdf/217/217182/2171820001_sd.pdf,
CON-0010-0005,651005136421,Wurth Elektronik,USB - mini B USB 2.0 Receptacle Connector 5 Position Through Hole,Connector:USB_OTG,g-con:WURTH_ELEKTRONIK-651005136421,5,https://www.we-online.com/katalog/datasheet/651005136421.pdf,
CON-0015-0009,GSB412137CHR,Amphenol ICC (Commercial Products),"USB-A (USB TYPE-A) USB 3.2 Gen 2 (USB 3.1 Gen 2, Superspeed + (USB 3.1)) Receptacle Connector 9 Position Through Hole",Connector:USB3_A,g-con:GSB412137CHR-USB_A_VERTICAL,9,https://mm.digikey.com/Volume0/opasdata/d220001/medias/docus/924/GSB4_Series_USB_31_rev2.pdf,
CON-0017-0024,12401610E4#2A,Amphenol ICC (Commercial Products),"USB-C (USB TYPE-C) USB 3.2 Gen 2 (USB 3.1 Gen 2, Superspeed + (USB 3.1)) Receptacle Connector 24 Position Surface Mount, Right Angle; Through Hole",g-con:USB_C_Receptacle,Connector_USB:USB_C_Receptacle_Amphenol_12401610E4-2A,USB_C_Receptacle_Amphenol_12401610E4-2A_CircularHoles,24,https://www.amphenol-cs.com/media/wysiwyg/files/drawing/12401610e4x2a.pdf
CON-0018-0002,1060TR,Keystone Electronics,"Battery Holder (Open) Coin, 20.0mm 1 Cell SMD (SMT) Tab",Device:Battery_Cell,g-con:COIN_CELL_HOLDER-KEYSTONE_1060,2,https://www.keyelco.com/userAssets/file/M65p4.pdf,
CON-0019-0001,5019,Keystone Electronics,"PC Test Point, Miniature Phosphor Bronze Silver Plating Surface Mount Mounting Type",Connector:TestPoint_Probe,TestPoint:TestPoint_Keystone_5019_Minature,1,https://www.keyelco.com/product-pdf.cfm?p=1357,
CON-0022-0008,ST1W008S4GR2000,JAE Electronics,"8 Position Card Connector Secure Digital - microSD™ Surface Mount, Right Angle Gold",g-con:CONN_MICRO_SD_FLIP_UP,g-con:CONN_MICRO_SD_HINGED (JAE_ST1W008S4),8,https://www.jae.com/direct/topics/topics_file_download/?topics_id=68903&ext_no=06&index=0&_lang=en,
CON-0023-0010,20021121-00010C4LF,Amphenol ICC (FCI),"1.27mm 2x5 header Surface Mount 10 position 0.050"" (1.27mm)",g-con:PGM_HDR_STM_20021121-00010C4LF,g-con:AMPHENOL_20021121-00010C4LF,10,https://cdn.amphenol-cs.com/media/wysiwyg/files/documentation/datasheet/boardwiretoboard/bwb_minitek127_btb.pdf,
CON-0024-0020,PPPC202LJBN-RC,Sullins Connector Solutions,"2 row 20 Position Header Connector 0.100"" (2.54mm) Through Hole, Right Angle Gold",Connector_Generic:Conn_02x20_Odd_Even,Connector_PinSocket_2.54mm:PinSocket_2x20_P2.54mm_Horizontal,40,https://mm.digikey.com/Volume0/opasdata/d220001/medias/docus/937/Female_Headers.100_DS.pdf,
CON-0025-0007,BF050-14-A-B-0600-0300-L-G,GCT,"2 row 7 position Connector Header Through Hole 14 position 0.079"" (2.00mm)",Connector_Generic:Conn_02x07_Odd_Even,Connector_PinHeader_2.00mm:PinHeader_2x07_P2.00mm_Vertical,14,https://gct.co/files/drawings/bf050.pdf,
CON-0027-0024,DX07S024JJ2R1300,JAE Electronics,"USB-C (USB TYPE-C) USB 3.2 Gen 2 (USB 3.1 Gen 2, Superspeed + (USB 3.1)) Receptacle Connector 24 Position Surface Mount, Right Angle; Through Hole",g-con:USB_C_Receptacle,g-con:JAE_DX07S024JJ2R1300,24,https://www.jae.com/direct/page/generatePDF/?file_nm=DX07S024JJ2R1300.pdf&orientation=portrait&no_cache=0&path=%2Fen%2Fconnectors%2Fseries%2Fdetail%2Fproduct%2Fid%3D66508%26type_code%3DT1010%26v=2020031910202910099709,
CON-0028-0001,12402082E512A,Amphenol ICC (Commercial Products),"USB-C (USB TYPE-C) USB 4.0 Receptacle Connector 24 Position Surface Mount, Through Hole",g-con:USB_C_Receptacle,g-con:12402082E512A_AMP,25,https://cdn.amphenol-cs.com/media/wysiwyg/files/drawing/c12402082.pdf,
CON-0030-0024,12402143E512A,Amphenol ICC (Commercial Products),"USB-C (USB TYPE-C) USB 4.0 Gen 3 Receptacle Connector 24 Position Surface Mount, Right Angle; Through Hole",g-con:USB_C_Receptacle,g-con:CONN24_1240214_AMP,24,https://cdn.amphenol-cs.com/media/wysiwyg/files/drawing/12402143.pdf,
CON-1000-0012,F32R-1A7H1-11012,Amphenol ICC (FCI),"12 Position FFC, FPC Connector Contacts, Right Angle - 1 Sided 0.020"" (0.50mm) Surface Mount",g-con:F32R-1A7H1-11012,g-con:AMPHENOL_F32R-1A7H1-11012,12,https://cdn.amphenol-cs.com/media/wysiwyg/files/documentation/datasheet/flex/ffc_fpc_050mm_f32r_f32q.pdf,
CON-1000-0016,F32R-1A7H1-11016,Amphenol ICC (FCI),"16 Position FFC, FPC Connector Contacts, Right Angle - 1 Sided 0.020"" (0.50mm) Surface Mount",g-con:F32R-1A7H1-11016,g-con:AMPHENOL_F32R-1A7H1-11016,16,https://cdn.amphenol-cs.com/media/wysiwyg/files/documentation/datasheet/flex/ffc_fpc_050mm_f32r_f32q.pdf,
CON-1000-0020,F32R-1A7H1-11020,Amphenol ICC (FCI),"20 Position FFC, FPC Connector Contacts, Right Angle - 1 Sided 0.020"" (0.50mm) Surface Mount",g-con:F32R-1A7H1-11020,g-con:AMPHENOL_F32R-1A7H1-11020,20,https://cdn.amphenol-cs.com/media/wysiwyg/files/documentation/datasheet/flex/ffc_fpc_050mm_f32r_f32q.pdf,
CON-1001-0012,F31W-1A7H1-11012,Amphenol ICC (FCI),"12 Position FFC, FPC Connector Contacts, Vertical - 1 Sided 0.020"" (0.50mm) Surface Mount",g-con:F31W-1A7H1-11012,g-con:AMPHENOL_F31W-1A7H1-11012,12,https://cdn.amphenol-cs.com/media/wysiwyg/files/documentation/datasheet/flex/ffc_fpc_050mm_f31w_f31z_f314_f336.pdf,
CON-1001-0016,F31W-1A7H1-11016,Amphenol ICC (FCI),"16 Position FFC, FPC Connector Contacts, Vertical - 1 Sided 0.020"" (0.50mm) Surface Mount",g-con:F31W-1A7H1-11016,g-con:AMPHENOL_F31W-1A7H1-11016,16,https://cdn.amphenol-cs.com/media/wysiwyg/files/documentation/datasheet/flex/ffc_fpc_050mm_f31w_f31z_f314_f336.pdf,
CON-1001-0020,F31W-1A7H1-11020,Amphenol ICC (FCI),"20 Position FFC, FPC Connector Contacts, Vertical - 1 Sided 0.020"" (0.50mm) Surface Mount",g-con:F31W-1A7H1-11020,g-con:AMPHENOL_F31W-1A7H1-11020,20,https://cdn.amphenol-cs.com/media/wysiwyg/files/documentation/datasheet/flex/ffc_fpc_050mm_f31w_f31z_f314_f336.pdf,
CON-1002-0001,NRJ6HF,Neutrik,"¼ in Audio Jack, TRS, NC switch x3, Outtie, Low Profile",Connector_Audio:NRJ6HF,g-con:Jack_6.35mm_Neutrik_NRJ6HF_Horizontal,6,https://www.neutrik.us/en-us/product/nrj6hh.pdf,
CON-1003-M300,ACJM-MHDR,Amphenol Audio,"¼ in Audio Jack, TS, NC switch x2, Outtie, Low Profile, Metal shaft, plastic threads",Connector_Audio:AudioJack2_Switch,g-con:Amphenol_ACJM-MHDR(M),6,,
CON-1003-M301,ACJM-MHDRM,Amphenol Audio,"¼ in Audio Jack, TS, NC switch x2, Outtie, Low Profile, Metal shaft, metal  threads",Connector_Audio:AudioJack2_Switch,g-con:Amphenol_ACJM-MHDR(M),4,,
CON-1003-S300,ACJS-MHDR,Amphenol Audio,"¼ in Audio Jack, TRS, NC switch x3, Outtie, Low Profile, Metal shaft, plastic threads",Connector_Audio:AudioJack3_Switch,g-con:Amphenol_ACJS-MHDR(M),4,,
CON-1003-S301,ACJS-MHDRM,Amphenol Audio,"¼ in Audio Jack, TRS, NC switch x3, Outtie, Low Profile, Metal shaft, metal  threads",Connector_Audio:AudioJack3_Switch,g-con:Amphenol_ACJS-MHDR(M),6,,
CON-1004-0001,NMJ6HCD2,Amphenol Audio,"¼ in Audio Jack, TRS, NC switch x3, Innie",Connector_Audio:AudioJack3_Switch,g-con:Jack_6.35mm_Neutrik_NMJ6HCD2_LARGE_SLOTS,,,
CON-1004-0001,PJ-063AH,Same Sky,"Power Barrel Connector Jack 2.10mm ID (0.083""), 5.50mm OD (0.217"") Through Hole, Right Angle",Connector:Barrel_Jack_MountingPin,Connector_BarrelJack:BarrelJack_CUI_PJ-063AH_Horizontal,6,,
CON-2001-2004,FTS-104-01-L-D,Samtec,CONN HEADER PINS VERT 8POS 1.27MM - 3.05mm contact,g-con:Conn_02x04_L-Odd_R-Even,g-con:CONN_SAMTEC_FTS-104,8,https://www.sameskydevices.com/product/resource/pj-063ah.pdf,
CON-2001-2005,FTS-105-01-F-D,Samtec,CONN HEADER PINS VERT 10POS 1.27MM - 3.05mm contact,g-con:Conn_02x05_L-Odd_R-Even,g-con:CONN_SAMTEC_FTS-105,10,,
CON-2001-2006,FTS-106-01-F-D,Samtec,CONN HEADER PINS VERT 12POS 1.27MM - 3.05mm contact,g-con:Conn_02x06_L-Odd_R-Even,g-con:CONN_SAMTEC_FTS-106,12,,
CON-2001-2008,FTS-108-01-L-D,Samtec,CONN HEADER PINS VERT 16POS 1.27MM - 3.05mm contact,g-con:Conn_02x08_L-Odd_R-Even,g-con:CONN_SAMTEC_FTS-108,16,,
CON-3001-2004,FLE-104-01-G-DV,Samtec,CONN RCPT 50MIL 2ROW 8POS SMD,g-con:Conn_02x04_R-Odd_L-Even,g-con:CONN_SAMTEC_FLE-104,8,,
CON-3001-2005,FLE-105-01-G-DV,Samtec,CONN RCPT 50MIL 2ROW 10POS SMD,g-con:Conn_02x05_R-Odd_L-Even,g-con:CONN_SAMTEC_FLE-105,10,,
CON-3001-2006,FLE-106-01-G-DV-TR,Samtec,CONN RCPT 50MIL 2ROW 12POS SMD,g-con:Conn_02x06_R-Odd_L-Even,g-con:CONN_SAMTEC_FLE-106,12,,
CON-3001-2008,FLE-108-01-G-DV-K,Samtec,CONN RCPT 50MIL 2ROW 16POS SMD,g-con:Conn_02x08_R-Odd_L-Even,g-con:CONN_SAMTEC_FLE-108,16,,
CON-4001-0001,PJ-047AH,Same Sky (Formerly CUI Devices),CONN PWR JACK 2X5.5MM THRU HOLE SHIELDED NC-SWITCH – TALL SKINNY,g-con:BarrelJack_PJ-047AH,g-con:BarrelJack_CUI_PJ-047AH,3,https://www.sameskydevices.com/product/resource/pj-047ah.pdf,
CON-4002-0001,PJ-051A,Same Sky (Formerly CUI Devices),CONN PWR JACK 2X5.5MM THRU HOLE SHIELDED NC-SWITCH – SHORT WIDE,g-con:BarrelJack_PJ-047AH,g-con:BarrelJack_CUI_PJ-051A,3,https://www.sameskydevices.com/product/resource/pj-051a.pdf,
CON-5001-0002,SM02B-SRSS-TB,JST,CONN WIRE TO BOARD SMD R/A 2POS 1MM,Connector_Generic_MountingPin:Conn_01x02_MountingPin,Connector_JST:JST_SH_BM02B-SRSS-TB_1x02-1MP_P1.00mm_Vertical,2,https://www.jst.com/wp-content/uploads/2021/01/eSH-new.pdf,
CON-5001-0004,SM04B-SRSS-TB,JST,CONN WIRE TO BOARD SMD R/A 4POS 1MM,Connector_Generic_MountingPin:Conn_01x04_MountingPin,Connector_JST:JST_SH_BM04B-SRSS-TB_1x04-1MP_P1.00mm_Vertical,4,https://www.jst.com/wp-content/uploads/2021/01/eSH-new.pdf,
CON-5001-0006,SM06B-SRSS-TB,JST,CONN WIRE TO BOARD SMD R/A 6POS 1MM,Connector_Generic_MountingPin:Conn_01x06_MountingPin,Connector_JST:JST_SH_BM06B-SRSS-TB_1x06-1MP_P1.00mm_Vertical,6,https://www.jst.com/wp-content/uploads/2021/01/eSH-new.pdf,
CON-5001-0008,SM08B-SRSS-TB,JST,CONN WIRE TO BOARD SMD R/A 8POS 1MM,Connector_Generic_MountingPin:Conn_01x08_MountingPin,Connector_JST:JST_SH_BM08B-SRSS-TB_1x08-1MP_P1.00mm_Vertical,8,https://www.jst.com/wp-content/uploads/2021/01/eSH-new.pdf,
CON-5001-0010,SM010B-SRSS-TB,JST,CONN WIRE TO BOARD SMD R/A 10POS 1MM,Connector_Generic_MountingPin:Conn_01x10_MountingPin,Connector_JST:JST_SH_BM10B-SRSS-TB_1x10-1MP_P1.00mm_Vertical,10,https://www.jst.com/wp-content/uploads/2021/01/eSH-new.pdf,
CON-5001-0012,SM012B-SRSS-TB,JST,CONN WIRE TO BOARD SMD R/A 12POS 1MM,Connector_Generic_MountingPin:Conn_01x12_MountingPin,Connector_JST:JST_SH_BM12B-SRSS-TB_1x12-1MP_P1.00mm_Vertical,12,https://www.jst.com/wp-content/uploads/2021/01/eSH-new.pdf,
CON-0029-0004,B4B-ZR,JST Sales America Inc.,"Connector Header Through Hole 4 position 0.059"" (1.50mm) vertical 4 side shrouded",Connector_Generic:Conn_01x04,Connector_JST:JST_ZH_B4B-ZR_1x04_P1.50mm_Vertical,4,https://www.jst-mfg.com/product/pdf/eng/eZH.pdf,
CON-0011-0002,S2B-PH-SM4-TB,JST Sales America Inc.,"JST PH Connector (2mm pitch, shrouded, latching), 2pos, Pins, RA, Tin Plated",Connector_Generic:Conn_01x02,g-con:JST_S2B-PH-SM4-TB,2,https://www.jst-mfg.com/product/pdf/eng/ePH.pdf,
